--------------------- TAI CHI NHANH 1 (M01)---------------------------
CONNECT CN1/CN1; -- USER TAO BANG VA INSERT DU LIEU CUA CHI NHANH 1

-- SETTING TABLES
--
--

-- Setting table CN1.BRANCH (Phan manh ngang)
CREATE TABLE CN1.BRANCH (
    BranchID VARCHAR2(5) NOT NULL,
    BranchName VARCHAR2(50) NOT NULL,
    BranchAddress VARCHAR2(100) NULL,
    BranchPhone VARCHAR2(10) NULL,
    CONSTRAINT PK_BRANCH PRIMARY KEY (BranchID)
);

-- Setting table CN1.EMPLOYEE (Phan manh ngang dan xuat)
CREATE TABLE CN1.EMPLOYEE (
    EmployeeID VARCHAR2(5) NOT NULL,
    EmployeeName VARCHAR2(50) NOT NULL,
    Birthday DATE NULL,
    PhoneNumber VARCHAR2(10) NULL,
    EmployeeAddress VARCHAR2(50) NULL,
    BranchID VARCHAR2(5) NOT NULL,
    CONSTRAINT PK_EMPLOYEE PRIMARY KEY (EmployeeID)
);

-- Setting table CN1.CUSTOMER_STAFF
CREATE TABLE CN1.CUSTOMER_STAFF (
    CustomerID VARCHAR2(5) NOT NULL,
    CustomerName VARCHAR2(50) NOT NULL,
    PhoneNumber VARCHAR2(10) NULL,
    CustomerAddress VARCHAR2(50) NULL,
    Birthday DATE NULL,
    CustomerType VARCHAR2(25) NULL,
    CONSTRAINT PK_CUSTOMERSTAFF PRIMARY KEY (CustomerID)
);

-- Setting table CN1.CUSTOMER_MANAGER
CREATE TABLE CN1.CUSTOMER_MANAGER (
    CustomerID VARCHAR2(5) NOT NULL,
    CumulativeTotal NUMBER,
    CONSTRAINT PK_CUSTOMERMANAGER PRIMARY KEY (CustomerID)
);

-- Setting table CN1.ITEM (Replication) 
CREATE TABLE CN1.ITEM (
    ItemID VARCHAR2(5) NOT NULL,
    ItemName VARCHAR2(50) NOT NULL,
    ItemType VARCHAR2(50) NULL,
    SalePrice NUMBER NULL,
    CONSTRAINT PK_ITEM PRIMARY KEY (ItemID)
);

-- Setting table CN1.ITEMMANAGE_MANAGER (Phan manh doc khong du thua tu bang MANAGEITEM) 
CREATE TABLE CN1.ITEMMANAGE_MANAGER (
    BranchID VARCHAR2(5) NOT NULL,
    ItemID VARCHAR2(5) NOT NULL,
    SaleStatus VARCHAR2(25) NULL,
    Discount NUMBER NULL,
    CONSTRAINT PK_ITEMMANAGER PRIMARY KEY (BranchID, ItemID)
);

-- Setting table CN1.ITEMMANAGE_STAFF (Phan manh doc khong du thua tu bang MANAGEITEM) 
CREATE TABLE CN1.ITEMMANAGE_STAFF (
    BranchID VARCHAR2(5) NOT NULL,
    ItemID VARCHAR2(5) NOT NULL,
    ServingTime VARCHAR2(25) NULL,
    Availability NUMBER NULL,
    CONSTRAINT PK_ITEMSTAFF PRIMARY KEY (BranchID, ItemID)
);

-- Setting table CN1.BILL (Phan manh ngang dan xuat)
CREATE TABLE CN1.BILL (
    BillID VARCHAR2(5) NOT NULL,
    BillDate DATE NOT NULL,
    CustomerID VARCHAR2(5) NOT NULL,
    EmployeeID VARCHAR2(5) NOT NULL,
    Total NUMBER NULL,
    CONSTRAINT PK_INVOICE PRIMARY KEY (BillID)
);

-- Setting table CN1.BILLDETAIL 
CREATE TABLE CN1.BILLDETAIL (
    BillID VARCHAR2(5) NOT NULL,
    ItemID VARCHAR2(5) NOT NULL,
    Quantity NUMBER NULL,
    SubTotal NUMBER NULL,
    CONSTRAINT PK_BILLDETAIL PRIMARY KEY (BillID, ItemID)
);

COMMIT;
-- SETTING FOREIGN KEYS
--
--

ALTER TABLE CN1.EMPLOYEE
ADD CONSTRAINT FK_EMPLOYEE_BRANCH FOREIGN KEY (BranchID) REFERENCES CN1.BRANCH(BranchID);

ALTER TABLE CN1.BILL
ADD CONSTRAINT FK_BILL_CUSTOMER FOREIGN KEY (CustomerID) REFERENCES CN1.CUSTOMER_STAFF(CustomerID);

ALTER TABLE CN1.BILL
ADD CONSTRAINT FK_BILL_EMPLOYEE FOREIGN KEY (EmployeeID) REFERENCES CN1.EMPLOYEE(EmployeeID);

ALTER TABLE CN1.BILLDETAIL
ADD CONSTRAINT FK_BILLDETAIL_BILL FOREIGN KEY (BillID) REFERENCES CN1.BILL(BillID);

ALTER TABLE CN1.BILLDETAIL
ADD CONSTRAINT FK_BILLDETAIL_ITEM FOREIGN KEY (ItemID) REFERENCES CN1.ITEM(ItemID);

ALTER TABLE CN1.ITEMMANAGE_MANAGER
ADD CONSTRAINT FK_ITEMMANAGER_BRANCH FOREIGN KEY (BranchID) REFERENCES CN1.BRANCH(BranchID);

ALTER TABLE CN1.ITEMMANAGE_MANAGER
ADD CONSTRAINT FK_ITEMMANAGER_ITEM FOREIGN KEY (ItemID) REFERENCES CN1.ITEM(ItemID);

ALTER TABLE CN1.ITEMMANAGE_STAFF
ADD CONSTRAINT FK_ITEMSTAFF_BRANCH FOREIGN KEY (BranchID) REFERENCES CN1.BRANCH(BranchID);

ALTER TABLE CN1.ITEMMANAGE_STAFF
ADD CONSTRAINT FK_ITEMSTAFF_ITEM FOREIGN KEY (ItemID) REFERENCES CN1.ITEM(ItemID);

COMMIT;
-- INSERT DATA
--
--

-- Date format
ALTER SESSION SET NLS_DATE_FORMAT =' DD/MM/YYYY ';

-- Insert into CN1.BRANCH 
INSERT INTO CN1.BRANCH VALUES ('BR01','Phan Van Tri','190C Phan Van Tri, Phuong 12, Quan Binh Thanh','0938223929');
COMMIT;
-- Insert to CN1.ITEM
INSERT INTO CN1.ITEM VALUES ('IT01','Sinh To Dau','Sinh To',20000);
INSERT INTO CN1.ITEM VALUES ('IT02','Sinh To Bo','Sinh To',15000);
INSERT INTO CN1.ITEM VALUES ('IT03','Sinh To Mang Cau','Sinh To',18000);
INSERT INTO CN1.ITEM VALUES ('IT04','Sinh To Sapoche','Sinh To',15000);
INSERT INTO CN1.ITEM VALUES ('IT05','Ca Phe Den Nong/Da','Ca Phe Pha Phin',24000);
INSERT INTO CN1.ITEM VALUES ('IT06','Ca Phe Nau Nong/Da','Ca Phe Pha Phin',28000);
INSERT INTO CN1.ITEM VALUES ('IT07','Ca Phe Sua Tuoi Nong/Da','Ca Phe Pha Phin',32000);
INSERT INTO CN1.ITEM VALUES ('IT08','Ca Phe Sua Bac Ha','Ca Phe Pha Phin',34000);
INSERT INTO CN1.ITEM VALUES ('IT09','Ca Phe Trung','Ca Phe Pha Phin',70000);
INSERT INTO CN1.ITEM VALUES ('IT10','Latte Macchiato','Ca Phe Italy',45000);
INSERT INTO CN1.ITEM VALUES ('IT11','Cappuccino','Ca Phe Italy',45000);
INSERT INTO CN1.ITEM VALUES ('IT12','Caffé Latte','Ca Phe Italy',45000);
INSERT INTO CN1.ITEM VALUES ('IT13','Mocaccino','Ca Phe Italy',45000);
INSERT INTO CN1.ITEM VALUES ('IT14','Ristretto','Ca Phe Italy',45000);
INSERT INTO CN1.ITEM VALUES ('IT15','Espresso','Ca Phe Italy',45000);
INSERT INTO CN1.ITEM VALUES ('IT16','Lungo Espresso','Ca Phe Italy',45000);
INSERT INTO CN1.ITEM VALUES ('IT17','Tra Gao Nau','Tra',30000);
INSERT INTO CN1.ITEM VALUES ('IT18','Tra Dau','Tra',30000);
INSERT INTO CN1.ITEM VALUES ('IT19','Tra Hoa Luc Tra','Tra',30000);
INSERT INTO CN1.ITEM VALUES ('IT20','Tra Bi Dao','Tra',30000);
INSERT INTO CN1.ITEM VALUES ('IT21','Tra Vai','Tra',36000);
INSERT INTO CN1.ITEM VALUES ('IT22','Tra Mat Ong','Tra',39000);
INSERT INTO CN1.ITEM VALUES ('IT23','Tra Alisan','Tra',39000);
INSERT INTO CN1.ITEM VALUES ('IT24','Tra Oolong','Tra',39000);
INSERT INTO CN1.ITEM VALUES ('IT25','Tra Den','Tra',39000);
INSERT INTO CN1.ITEM VALUES ('IT26','Yogurt Blueberry','Da Xay',30000);
INSERT INTO CN1.ITEM VALUES ('IT27','Choco Caramel','Da Xay',35000);
INSERT INTO CN1.ITEM VALUES ('IT28','Matcha','Da Xay',32000);
INSERT INTO CN1.ITEM VALUES ('IT29','Tra Sua Gao Nau','Da Xay',30000);
INSERT INTO CN1.ITEM VALUES ('IT30','Tra Sua Okinawa Coffee','Da Xay',45000);
INSERT INTO CN1.ITEM VALUES ('IT31','Tra Sua Okinawa Oreo Cream','Da Xay',45000);
INSERT INTO CN1.ITEM VALUES ('IT32','Tra Sua Hokkaido','Tra Sua',38000);
INSERT INTO CN1.ITEM VALUES ('IT33','Tra Sua Earl Grey','Tra Sua',38000);
INSERT INTO CN1.ITEM VALUES ('IT34','Tra Sua Hazelnut','Tra Sua',38000);
INSERT INTO CN1.ITEM VALUES ('IT35','Tra Sua Hokkaido','Tra Sua',40000);
INSERT INTO CN1.ITEM VALUES ('IT36','Tra Sua Earl Grey','Tra Sua',40000);
INSERT INTO CN1.ITEM VALUES ('IT37','Tra Sua Hazelnut','Tra Sua',40000);
INSERT INTO CN1.ITEM VALUES ('IT38','Tra Sua Oreo','Tra Sua',40000);
INSERT INTO CN1.ITEM VALUES ('IT39','Tra Sua Panna Cotta','Tra Sua',40000);
INSERT INTO CN1.ITEM VALUES ('IT40','Tra Sua Hoa Dau Biec','Tra Sua',30000);
INSERT INTO CN1.ITEM VALUES ('IT41','Tra Sua Chocolate Cake Cream','Tra Sua',35000);
INSERT INTO CN1.ITEM VALUES ('IT42','Tiramisu','Banh Ngot',24000);
INSERT INTO CN1.ITEM VALUES ('IT43','Oreo Cheesecake','Banh Ngot',24000);
INSERT INTO CN1.ITEM VALUES ('IT44','Brownie Cookies Ice Cream','Banh Ngot',24000);
INSERT INTO CN1.ITEM VALUES ('IT45','Caramel Macchiato Chocomallow','Banh Ngot',18000);
INSERT INTO CN1.ITEM VALUES ('IT46','Mini Cookies','Banh Ngot',40000);
INSERT INTO CN1.ITEM VALUES ('IT47','Soft Chocolate Chips Cookies','Banh Ngot',24000);
INSERT INTO CN1.ITEM VALUES ('IT48','Cream Puffs','Banh Ngot',35000);
INSERT INTO CN1.ITEM VALUES ('IT49','Avocado Panna Cotta Tart','Banh Ngot',24000);
INSERT INTO CN1.ITEM VALUES ('IT50','Cupcakes','Banh Ngot',20000);
COMMIT;
-- Insert to CN1.CUSTOMER_STAFF
INSERT INTO CN1.CUSTOMER_STAFF VALUES ('CU01','Bui Ngoc Bao Thy','0375130491','Ho Chi Minh',to_date('28/06/2000','dd/mm/yyyy'),'Stardard');
INSERT INTO CN1.CUSTOMER_STAFF VALUES ('CU02','Vo Ngoc Hoai Thuong','0901006848','Binh Dinh',to_date('07/06/2001','dd/mm/yyyy'),'Stardard');
INSERT INTO CN1.CUSTOMER_STAFF VALUES ('CU03','Nguyen Ngoc Hai Yen','0931127827','Ho Chi Minh',to_date('19/08/1998','dd/mm/yyyy'),'Stardard');
INSERT INTO CN1.CUSTOMER_STAFF VALUES ('CU04','Nguyen Huu Khac Phuc','0931199244','Quang Nam',to_date('28/06/2001','dd/mm/yyyy'),'Stardard');
INSERT INTO CN1.CUSTOMER_STAFF VALUES ('CU05','Nguyen Ba Hoc','0931199844','Da Lat',to_date('08/07/2000','dd/mm/yyyy'),'Stardard');
INSERT INTO CN1.CUSTOMER_STAFF VALUES ('CU06','Cao Huy','0901006025','Sa Pa',to_date('18/12/2004','dd/mm/yyyy'),'Stardard');
INSERT INTO CN1.CUSTOMER_STAFF VALUES ('CU07','Ngo Le Thao Dung','0931900611','Nha Trang',to_date('12/12/2005','dd/mm/yyyy'),'Stardard');
INSERT INTO CN1.CUSTOMER_STAFF VALUES ('CU08','Nguyen Minh Toan','0904391156','Ha Noi',to_date('12/12/2005','dd/mm/yyyy'),'Stardard');
INSERT INTO CN1.CUSTOMER_STAFF VALUES ('CU09','Le Huu Nhat Khoa','0375130491','Quang Nam',to_date('02/08/1990','dd/mm/yyyy'),'Member');
INSERT INTO CN1.CUSTOMER_STAFF VALUES ('CU10','Nguyen Trong Kien','0901006848','Gia Lai',to_date('23/09/1997','dd/mm/yyyy'),'VIP');
INSERT INTO CN1.CUSTOMER_STAFF VALUES ('CU11','Nguyen Hieu Kien','0931127827','Vung Tau',to_date('23/01/2001','dd/mm/yyyy'),'Stardard');
INSERT INTO CN1.CUSTOMER_STAFF VALUES ('CU12','Nguyen Bich Tram','0931199244','Nghe An',to_date('29/03/1999','dd/mm/yyyy'),'Stardard');
INSERT INTO CN1.CUSTOMER_STAFF VALUES ('CU13','Do Hong Dung','0931199844','Dak Lak',to_date('09/07/2000','dd/mm/yyyy'),'Stardard');
INSERT INTO CN1.CUSTOMER_STAFF VALUES ('CU14','Hoang Hanh Nguyen','0901006025','Da Lat',to_date('31/12/2001','dd/mm/yyyy'),'Stardard');
INSERT INTO CN1.CUSTOMER_STAFF VALUES ('CU15','Pham Duy Ngoc Tram','0931900611','Long An',to_date('05/10/1998','dd/mm/yyyy'),'Stardard');
INSERT INTO CN1.CUSTOMER_STAFF VALUES ('CU16','Nguyen Ngoc Thao Nhi','0904391156','Hai Phong',to_date('06/07/2003','dd/mm/yyyy'),'Stardard');
INSERT INTO CN1.CUSTOMER_STAFF VALUES ('CU17','Do Nguyen Lam','0375130491','Ho Chi Minh',to_date('17/05/1997','dd/mm/yyyy'),'Stardard');
INSERT INTO CN1.CUSTOMER_STAFF VALUES ('CU18','Vu Nhat Linh','0901006848','Lam Dong',to_date('23/09/1990','dd/mm/yyyy'),'Stardard');
INSERT INTO CN1.CUSTOMER_STAFF VALUES ('CU19','Nguyen Thao Huong','0931127827','Bien Hoa',to_date('27/08/1991','dd/mm/yyyy'),'VIP');
INSERT INTO CN1.CUSTOMER_STAFF VALUES ('CU20','Nguyen Thi Ngoc Mai','0931199244','Binh Dinh',to_date('04/04/1992','dd/mm/yyyy'),'Stardard');
INSERT INTO CN1.CUSTOMER_STAFF VALUES ('CU21','Nguyen Ngan Thi','0931199844','Binh Phuoc',to_date('06/09/1993','dd/mm/yyyy'),'Member ');
INSERT INTO CN1.CUSTOMER_STAFF VALUES ('CU22','Nguyen Ngoc Phuong Thuy','0901006025','Quang Ngai',to_date('30/10/2002','dd/mm/yyyy'),'Stardard');
INSERT INTO CN1.CUSTOMER_STAFF VALUES ('CU23','Tran Do Tuong Vy','0931900611','Phan Thiet',to_date('09/08/1998','dd/mm/yyyy'),'Stardard');
INSERT INTO CN1.CUSTOMER_STAFF VALUES ('CU24','Nguyen Ngoc Thuy Tien','0904391156','Quang Binh',to_date('04/05/2000','dd/mm/yyyy'),'Stardard');
INSERT INTO CN1.CUSTOMER_STAFF VALUES ('CU25','Tran Ngoc Minh','0375130491','Binh Duong',to_date('28/09/1996','dd/mm/yyyy'),'Stardard');
INSERT INTO CN1.CUSTOMER_STAFF VALUES ('CU26','Vu Hong Phuong Anh','0375130491','Ca Mau',to_date('19/10/1996','dd/mm/yyyy'),'Stardard');
INSERT INTO CN1.CUSTOMER_STAFF VALUES ('CU27','Le Anh Thu','0901006848','Ben Tre',to_date('30/10/2008','dd/mm/yyyy'),'Stardard');
INSERT INTO CN1.CUSTOMER_STAFF VALUES ('CU28','Tran Thao Ngan','0931127827','Tien Giang',to_date('28/03/2001','dd/mm/yyyy'),'Stardard');
INSERT INTO CN1.CUSTOMER_STAFF VALUES ('CU29','Nguyen Ngoc Quynh Thanh','0931199244','Dong Thap',to_date('27/09/2002','dd/mm/yyyy'),'Stardard');
INSERT INTO CN1.CUSTOMER_STAFF VALUES ('CU30','Mai Ha Hoang Yen','0931199844','Can Tho',to_date('29/11/1978','dd/mm/yyyy'),'Stardard');
INSERT INTO CN1.CUSTOMER_STAFF VALUES ('CU31','Trinh Hong Phuc','0901006025','Ha Noi ',to_date('23/12/2003','dd/mm/yyyy'),'Stardard');
INSERT INTO CN1.CUSTOMER_STAFF VALUES ('CU32','Le Thanh Vi','0931900611','Ha Nam',to_date('05/11/2009','dd/mm/yyyy'),'Stardard');
INSERT INTO CN1.CUSTOMER_STAFF VALUES ('CU33','Nguyen Minh Tuyen','0904391156','Phu Tho',to_date('02/03/1994','dd/mm/yyyy'),'Member');
INSERT INTO CN1.CUSTOMER_STAFF VALUES ('CU34','Mai Thanh Thao','0375130491','Da Nang',to_date('05/09/2005','dd/mm/yyyy'),'Stardard');
INSERT INTO CN1.CUSTOMER_STAFF VALUES ('CU35','Duong Thanh Ngan','0901006848','Soc Trang',to_date('25/12/1988','dd/mm/yyyy'),'Stardard');
INSERT INTO CN1.CUSTOMER_STAFF VALUES ('CU36','Ngoc Phuong Trang','0931127827','Sa Pa',to_date('14/07/1998','dd/mm/yyyy'),'Stardard');
INSERT INTO CN1.CUSTOMER_STAFF VALUES ('CU37','Nguyen Kieu Trang','0931199244','Lang Son',to_date('28/12/1995','dd/mm/yyyy'),'Stardard');
INSERT INTO CN1.CUSTOMER_STAFF VALUES ('CU38','Bui Minh Hoai','0931199844','Son La',to_date('17/08/1975','dd/mm/yyyy'),'Stardard');
INSERT INTO CN1.CUSTOMER_STAFF VALUES ('CU39','Tran Man Chi','0901006025','Ho Chi Minh',to_date('07/12/1993','dd/mm/yyyy'),'Stardard');
INSERT INTO CN1.CUSTOMER_STAFF VALUES ('CU40','Ngo Bao Hoa','0931900611','Binh Duong',to_date('11/09/1977','dd/mm/yyyy'),'VIP');
INSERT INTO CN1.CUSTOMER_STAFF VALUES ('CU41','Tran Nguyen Yen Vy','0904391156','Da Nang',to_date('30/03/1998','dd/mm/yyyy'),'Stardard');
INSERT INTO CN1.CUSTOMER_STAFF VALUES ('CU42','Thach Diep Thao Nguyen','0375130491','Can Gio',to_date('09/04/1999','dd/mm/yyyy'),'Stardard');
INSERT INTO CN1.CUSTOMER_STAFF VALUES ('CU43','Ho Thi Ngoc Tram','0901006848','Ca Mau',to_date('01/05/2001','dd/mm/yyyy'),'Stardard');
INSERT INTO CN1.CUSTOMER_STAFF VALUES ('CU44','Vuong Gia Han','0931127827','Ha Noi ',to_date('19/12/1975','dd/mm/yyyy'),'Stardard');
INSERT INTO CN1.CUSTOMER_STAFF VALUES ('CU45','Ngo Ngoc Dan Thy','0931199244','Dong Thap',to_date('14/09/2000','dd/mm/yyyy'),'Stardard');
INSERT INTO CN1.CUSTOMER_STAFF VALUES ('CU46','Nguyen Ha Bao Ngan','0931199844','Phan Thiet',to_date('07/08/1974','dd/mm/yyyy'),'Stardard');
INSERT INTO CN1.CUSTOMER_STAFF VALUES ('CU47','Vu Nguyen Anh Vy','0901006025','Ho Chi Minh',to_date('27/11/2002','dd/mm/yyyy'),'Stardard');
INSERT INTO CN1.CUSTOMER_STAFF VALUES ('CU48','Nguyen Do Anh Vy','0931900611','Vinh Phuc',to_date('12/10/1982','dd/mm/yyyy'),'Stardard');
INSERT INTO CN1.CUSTOMER_STAFF VALUES ('CU49','Tran Thu Huong','0904391156','Bac Ninh',to_date('24/11/1999','dd/mm/yyyy'),'Stardard');
INSERT INTO CN1.CUSTOMER_STAFF VALUES ('CU50','Nguyen Ha Thao Linh','0375130492','Hung Yen',to_date('24/01/1997','dd/mm/yyyy'),'Stardard');
INSERT INTO CN1.CUSTOMER_STAFF VALUES ('CU51','Dang Tuan Anh','0375130491','Ho Chi Minh',to_date('08/12/2001','dd/mm/yyyy'),'Stardard');
INSERT INTO CN1.CUSTOMER_STAFF VALUES ('CU52','Hoang Duc Anh','0901006848','Ho Chi Minh',to_date('26/01/2001','dd/mm/yyyy'),'Stardard');
INSERT INTO CN1.CUSTOMER_STAFF VALUES ('CU53','Luu Trang Anh','0931127827','Ho Chi Minh',to_date('16/05/2001','dd/mm/yyyy'),'Member');
INSERT INTO CN1.CUSTOMER_STAFF VALUES ('CU54','Pham Hoang Anh','0931199244','Ho Chi Minh',to_date('05/11/2001','dd/mm/yyyy'),'Stardard');
INSERT INTO CN1.CUSTOMER_STAFF VALUES ('CU55','Pham Thi Hien Anh','0931199245','Thu Duc',to_date('19/12/1975','dd/mm/yyyy'),'Stardard');
INSERT INTO CN1.CUSTOMER_STAFF VALUES ('CU56','Pham Khac Viet Anh','0931199246','Phu Tho',to_date('14/09/2000','dd/mm/yyyy'),'Stardard');
INSERT INTO CN1.CUSTOMER_STAFF VALUES ('CU57','Do Hoang Gia Bao','0931199247','Thu Duc',to_date('07/08/1974','dd/mm/yyyy'),'Stardard');
INSERT INTO CN1.CUSTOMER_STAFF VALUES ('CU58','Tran Thi Minh Chau','0931199248','Thu Duc',to_date('27/11/2002','dd/mm/yyyy'),'Stardard');
INSERT INTO CN1.CUSTOMER_STAFF VALUES ('CU59','Tang Phuong Chi','0931199249','Thu Duc',to_date('12/10/1982','dd/mm/yyyy'),'Member');
INSERT INTO CN1.CUSTOMER_STAFF VALUES ('CU60','Gan Feng Du','0931199250','Ho Chi Minh',to_date('24/11/1999','dd/mm/yyyy'),'Stardard');
INSERT INTO CN1.CUSTOMER_STAFF VALUES ('CU61','Pham Tien Dung','0931199251','Ho Chi Minh',to_date('10/07/2001','dd/mm/yyyy'),'Stardard');
INSERT INTO CN1.CUSTOMER_STAFF VALUES ('CU62','Nguyen Thai Duong','0931199252','Ho Chi Minh',to_date('26/03/2001','dd/mm/yyyy'),'Stardard');
INSERT INTO CN1.CUSTOMER_STAFF VALUES ('CU63','Tran An Duong','0931199253','Ho Chi Minh',to_date('18/11/2001','dd/mm/yyyy'),'Member');
INSERT INTO CN1.CUSTOMER_STAFF VALUES ('CU64','Mac Trung Duc','0931199254','Ho Chi Minh',to_date('22/07/2001','dd/mm/yyyy'),'Stardard');
INSERT INTO CN1.CUSTOMER_STAFF VALUES ('CU65','Vu Huong Giang','0931199255','Ha Noi ',to_date('11/02/2001','dd/mm/yyyy'),'VIP');
INSERT INTO CN1.CUSTOMER_STAFF VALUES ('CU66','Nguyen Thi Ngan Ha','0931199256','Ha Noi ',to_date('25/07/2001','dd/mm/yyyy'),'Member');
INSERT INTO CN1.CUSTOMER_STAFF VALUES ('CU67','Nguyen Le Hieu','0375130491','Lang Son',to_date('19/12/1975','dd/mm/yyyy'),'Stardard');
INSERT INTO CN1.CUSTOMER_STAFF VALUES ('CU68','Pham Xuan Hoa','0901006848','Ha Noi ',to_date('14/09/2000','dd/mm/yyyy'),'Member');
INSERT INTO CN1.CUSTOMER_STAFF VALUES ('CU69','Dang Quoc Viet','0931127827','Ha Noi ',to_date('07/08/1974','dd/mm/yyyy'),'Stardard');
INSERT INTO CN1.CUSTOMER_STAFF VALUES ('CU70','Hoang Van Bao','0931199248','Hai Phong',to_date('27/11/2002','dd/mm/yyyy'),'Stardard');
INSERT INTO CN1.CUSTOMER_STAFF VALUES ('CU71','Luu Thanh Tuan','0931199249','Ha Noi ',to_date('12/10/1982','dd/mm/yyyy'),'Stardard');
INSERT INTO CN1.CUSTOMER_STAFF VALUES ('CU72','Hoang Thi Thanh Mai','0931199250','Nam Dinh',to_date('24/11/1999','dd/mm/yyyy'),'Stardard');
INSERT INTO CN1.CUSTOMER_STAFF VALUES ('CU73','Nguyen Quynh Hoa','0931199251','Ha Noi ',to_date('08/07/2001','dd/mm/yyyy'),'Member');
INSERT INTO CN1.CUSTOMER_STAFF VALUES ('CU74','Cao Thi Xuan Dung','0931199252','Ha Noi ',to_date('20/01/2001','dd/mm/yyyy'),'Stardard');
INSERT INTO CN1.CUSTOMER_STAFF VALUES ('CU75','Do Hong Viet','0931199253','Ha Noi ',to_date('23/12/2001','dd/mm/yyyy'),'VIP');
INSERT INTO CN1.CUSTOMER_STAFF VALUES ('CU76','Pham Thi Thu Huong','0375130491','Quang Nam',to_date('29/05/2001','dd/mm/yyyy'),'Stardard');
INSERT INTO CN1.CUSTOMER_STAFF VALUES ('CU77','Bui Thi Van Thien','0901006848','Quang Nam',to_date('28/10/2001','dd/mm/yyyy'),'Stardard');
INSERT INTO CN1.CUSTOMER_STAFF VALUES ('CU78','Nguyen Thi Thu Hien','0931127827','Quang Nam',to_date('13/04/2001','dd/mm/yyyy'),'VIP');
INSERT INTO CN1.CUSTOMER_STAFF VALUES ('CU79','Nguyen Thi Tra My','0931199244','Ha Nam',to_date('13/12/2001','dd/mm/yyyy'),'Member');
INSERT INTO CN1.CUSTOMER_STAFF VALUES ('CU80','Tran Thi Thuy','0931199844','Quang Nam',to_date('25/12/2001','dd/mm/yyyy'),'Stardard');
INSERT INTO CN1.CUSTOMER_STAFF VALUES ('CU81','Tran Trong Dung','0931199256','Quang Nam',to_date('13/07/2001','dd/mm/yyyy'),'Stardard');
INSERT INTO CN1.CUSTOMER_STAFF VALUES ('CU82','Mac Van Viet','0375130491','Nam Dinh',to_date('19/12/1975','dd/mm/yyyy'),'Stardard');
INSERT INTO CN1.CUSTOMER_STAFF VALUES ('CU83','Bui Thi Thu Huong','0375130492','Quang Nam',to_date('14/09/2000','dd/mm/yyyy'),'Member');
INSERT INTO CN1.CUSTOMER_STAFF VALUES ('CU84','Nguyen Van Dam','0375130493','Da Nang',to_date('07/08/1974','dd/mm/yyyy'),'Stardard');
INSERT INTO CN1.CUSTOMER_STAFF VALUES ('CU85','Le Thi Hoi','0375130494','Soc Trang',to_date('27/11/2002','dd/mm/yyyy'),'Stardard');
INSERT INTO CN1.CUSTOMER_STAFF VALUES ('CU86','Pham Van Cuong','0375130495','Sa Pa',to_date('12/10/1982','dd/mm/yyyy'),'Stardard');
INSERT INTO CN1.CUSTOMER_STAFF VALUES ('CU87','Khoa Nang Tung','0931199244','Lang Son',to_date('24/11/1999','dd/mm/yyyy'),'Member');
INSERT INTO CN1.CUSTOMER_STAFF VALUES ('CU88','Nguyen Huu Hoa','0931199844','Son La',to_date('15/01/2001','dd/mm/yyyy'),'Stardard');
INSERT INTO CN1.CUSTOMER_STAFF VALUES ('CU89','Nguyen Van Long','0901006025','Ho Chi Minh',to_date('15/09/2001','dd/mm/yyyy'),'Stardard');
INSERT INTO CN1.CUSTOMER_STAFF VALUES ('CU90','Nguyen Thi Duong','0931199244','Binh Duong',to_date('16/03/2001','dd/mm/yyyy'),'Stardard');
INSERT INTO CN1.CUSTOMER_STAFF VALUES ('CU91','To Thi Mai','0931199245','Da Nang',to_date('21/05/2001','dd/mm/yyyy'),'Stardard');
INSERT INTO CN1.CUSTOMER_STAFF VALUES ('CU92','Pham Duy','0375130491','Can Gio',to_date('12/12/2001','dd/mm/yyyy'),'Stardard');
INSERT INTO CN1.CUSTOMER_STAFF VALUES ('CU93','Bui Pham Van Anh','0901006848','Ca Mau',to_date('01/05/2001','dd/mm/yyyy'),'Stardard');
INSERT INTO CN1.CUSTOMER_STAFF VALUES ('CU94','Do Quang Minh','0931127827','Ha Noi ',to_date('19/12/1975','dd/mm/yyyy'),'Member');
INSERT INTO CN1.CUSTOMER_STAFF VALUES ('CU95','Nguyen Thi Thu Hang','0931199244','Dong Thap',to_date('14/09/2000','dd/mm/yyyy'),'Stardard');
INSERT INTO CN1.CUSTOMER_STAFF VALUES ('CU96','Cao Thi Phuong Thao','0931199844','Phan Thiet',to_date('07/08/1974','dd/mm/yyyy'),'VIP');
INSERT INTO CN1.CUSTOMER_STAFF VALUES ('CU97','Nguyen Thi Viet Yen','0901006025','Ho Chi Minh',to_date('27/11/2002','dd/mm/yyyy'),'Stardard');
INSERT INTO CN1.CUSTOMER_STAFF VALUES ('CU98','Bui Van Quan','0931199248','Vinh Phuc',to_date('12/10/1982','dd/mm/yyyy'),'Stardard');
INSERT INTO CN1.CUSTOMER_STAFF VALUES ('CU99','Nguyen Thi Huong','0931199249','Bac Ninh',to_date('24/11/1999','dd/mm/yyyy'),'Stardard');
INSERT INTO CN1.CUSTOMER_STAFF VALUES ('CU100','Nguyen Thi Mai','0931199250','Hung Yen',to_date('24/01/1997','dd/mm/yyyy'),'VIP');
COMMIT;
-- Insert into CN1.CUSTOMER_MANAGER
INSERT INTO CN1.CUSTOMER_MANAGER VALUES ('CU01',0);
INSERT INTO CN1.CUSTOMER_MANAGER VALUES ('CU02',0);
INSERT INTO CN1.CUSTOMER_MANAGER VALUES ('CU03',20000);
INSERT INTO CN1.CUSTOMER_MANAGER VALUES ('CU04',0);
INSERT INTO CN1.CUSTOMER_MANAGER VALUES ('CU05',0);
INSERT INTO CN1.CUSTOMER_MANAGER VALUES ('CU06',0);
INSERT INTO CN1.CUSTOMER_MANAGER VALUES ('CU07',0);
INSERT INTO CN1.CUSTOMER_MANAGER VALUES ('CU08',0);
INSERT INTO CN1.CUSTOMER_MANAGER VALUES ('CU09',310000);
INSERT INTO CN1.CUSTOMER_MANAGER VALUES ('CU10',0);
INSERT INTO CN1.CUSTOMER_MANAGER VALUES ('CU11',510000);
INSERT INTO CN1.CUSTOMER_MANAGER VALUES ('CU12',0);
INSERT INTO CN1.CUSTOMER_MANAGER VALUES ('CU13',0);
INSERT INTO CN1.CUSTOMER_MANAGER VALUES ('CU14',0);
INSERT INTO CN1.CUSTOMER_MANAGER VALUES ('CU15',100000);
INSERT INTO CN1.CUSTOMER_MANAGER VALUES ('CU16',0);
INSERT INTO CN1.CUSTOMER_MANAGER VALUES ('CU17',0);
INSERT INTO CN1.CUSTOMER_MANAGER VALUES ('CU18',0);
INSERT INTO CN1.CUSTOMER_MANAGER VALUES ('CU19',600000);
INSERT INTO CN1.CUSTOMER_MANAGER VALUES ('CU20',0);
INSERT INTO CN1.CUSTOMER_MANAGER VALUES ('CU21',350000);
INSERT INTO CN1.CUSTOMER_MANAGER VALUES ('CU22',0);
INSERT INTO CN1.CUSTOMER_MANAGER VALUES ('CU23',0);
INSERT INTO CN1.CUSTOMER_MANAGER VALUES ('CU24',85000);
INSERT INTO CN1.CUSTOMER_MANAGER VALUES ('CU25',0);
INSERT INTO CN1.CUSTOMER_MANAGER VALUES ('CU26',0);
INSERT INTO CN1.CUSTOMER_MANAGER VALUES ('CU27',50000);
INSERT INTO CN1.CUSTOMER_MANAGER VALUES ('CU28',0);
INSERT INTO CN1.CUSTOMER_MANAGER VALUES ('CU29',0);
INSERT INTO CN1.CUSTOMER_MANAGER VALUES ('CU30',0);
INSERT INTO CN1.CUSTOMER_MANAGER VALUES ('CU31',0);
INSERT INTO CN1.CUSTOMER_MANAGER VALUES ('CU32',0);
INSERT INTO CN1.CUSTOMER_MANAGER VALUES ('CU33',405000);
INSERT INTO CN1.CUSTOMER_MANAGER VALUES ('CU34',0);
INSERT INTO CN1.CUSTOMER_MANAGER VALUES ('CU35',0);
INSERT INTO CN1.CUSTOMER_MANAGER VALUES ('CU36',0);
INSERT INTO CN1.CUSTOMER_MANAGER VALUES ('CU37',0);
INSERT INTO CN1.CUSTOMER_MANAGER VALUES ('CU38',0);
INSERT INTO CN1.CUSTOMER_MANAGER VALUES ('CU39',0);
INSERT INTO CN1.CUSTOMER_MANAGER VALUES ('CU40',520000);
INSERT INTO CN1.CUSTOMER_MANAGER VALUES ('CU41',0);
INSERT INTO CN1.CUSTOMER_MANAGER VALUES ('CU42',0);
INSERT INTO CN1.CUSTOMER_MANAGER VALUES ('CU43',0);
INSERT INTO CN1.CUSTOMER_MANAGER VALUES ('CU44',0);
INSERT INTO CN1.CUSTOMER_MANAGER VALUES ('CU45',130000);
INSERT INTO CN1.CUSTOMER_MANAGER VALUES ('CU46',0);
INSERT INTO CN1.CUSTOMER_MANAGER VALUES ('CU47',0);
INSERT INTO CN1.CUSTOMER_MANAGER VALUES ('CU48',0);
INSERT INTO CN1.CUSTOMER_MANAGER VALUES ('CU49',0);
INSERT INTO CN1.CUSTOMER_MANAGER VALUES ('CU50',0);
INSERT INTO CN1.CUSTOMER_MANAGER VALUES ('CU51',0);
INSERT INTO CN1.CUSTOMER_MANAGER VALUES ('CU52',0);
INSERT INTO CN1.CUSTOMER_MANAGER VALUES ('CU53',305000);
INSERT INTO CN1.CUSTOMER_MANAGER VALUES ('CU54',0);
INSERT INTO CN1.CUSTOMER_MANAGER VALUES ('CU55',0);
INSERT INTO CN1.CUSTOMER_MANAGER VALUES ('CU56',0);
INSERT INTO CN1.CUSTOMER_MANAGER VALUES ('CU57',0);
INSERT INTO CN1.CUSTOMER_MANAGER VALUES ('CU58',0);
INSERT INTO CN1.CUSTOMER_MANAGER VALUES ('CU59',400000);
INSERT INTO CN1.CUSTOMER_MANAGER VALUES ('CU60',0);
INSERT INTO CN1.CUSTOMER_MANAGER VALUES ('CU61',0);
INSERT INTO CN1.CUSTOMER_MANAGER VALUES ('CU62',0);
INSERT INTO CN1.CUSTOMER_MANAGER VALUES ('CU63',390000);
INSERT INTO CN1.CUSTOMER_MANAGER VALUES ('CU64',0);
INSERT INTO CN1.CUSTOMER_MANAGER VALUES ('CU65',590000);
INSERT INTO CN1.CUSTOMER_MANAGER VALUES ('CU66',310000);
INSERT INTO CN1.CUSTOMER_MANAGER VALUES ('CU67',0);
INSERT INTO CN1.CUSTOMER_MANAGER VALUES ('CU68',450000);
INSERT INTO CN1.CUSTOMER_MANAGER VALUES ('CU69',0);
INSERT INTO CN1.CUSTOMER_MANAGER VALUES ('CU70',0);
INSERT INTO CN1.CUSTOMER_MANAGER VALUES ('CU71',0);
INSERT INTO CN1.CUSTOMER_MANAGER VALUES ('CU72',0);
INSERT INTO CN1.CUSTOMER_MANAGER VALUES ('CU73',460000);
INSERT INTO CN1.CUSTOMER_MANAGER VALUES ('CU74',0);
INSERT INTO CN1.CUSTOMER_MANAGER VALUES ('CU75',710000);
INSERT INTO CN1.CUSTOMER_MANAGER VALUES ('CU76',0);
INSERT INTO CN1.CUSTOMER_MANAGER VALUES ('CU77',0);
INSERT INTO CN1.CUSTOMER_MANAGER VALUES ('CU78',620000);
INSERT INTO CN1.CUSTOMER_MANAGER VALUES ('CU79',370000);
INSERT INTO CN1.CUSTOMER_MANAGER VALUES ('CU80',0);
INSERT INTO CN1.CUSTOMER_MANAGER VALUES ('CU81',0);
INSERT INTO CN1.CUSTOMER_MANAGER VALUES ('CU82',0);
INSERT INTO CN1.CUSTOMER_MANAGER VALUES ('CU83',320000);
INSERT INTO CN1.CUSTOMER_MANAGER VALUES ('CU84',0);
INSERT INTO CN1.CUSTOMER_MANAGER VALUES ('CU85',0);
INSERT INTO CN1.CUSTOMER_MANAGER VALUES ('CU86',0);
INSERT INTO CN1.CUSTOMER_MANAGER VALUES ('CU87',315000);
INSERT INTO CN1.CUSTOMER_MANAGER VALUES ('CU88',0);
INSERT INTO CN1.CUSTOMER_MANAGER VALUES ('CU89',0);
INSERT INTO CN1.CUSTOMER_MANAGER VALUES ('CU90',40000);
INSERT INTO CN1.CUSTOMER_MANAGER VALUES ('CU91',0);
INSERT INTO CN1.CUSTOMER_MANAGER VALUES ('CU92',0);
INSERT INTO CN1.CUSTOMER_MANAGER VALUES ('CU93',0);
INSERT INTO CN1.CUSTOMER_MANAGER VALUES ('CU94',425000);
INSERT INTO CN1.CUSTOMER_MANAGER VALUES ('CU95',0);
INSERT INTO CN1.CUSTOMER_MANAGER VALUES ('CU96',630000);
INSERT INTO CN1.CUSTOMER_MANAGER VALUES ('CU97',0);
INSERT INTO CN1.CUSTOMER_MANAGER VALUES ('CU98',290000);
INSERT INTO CN1.CUSTOMER_MANAGER VALUES ('CU99',0);
INSERT INTO CN1.CUSTOMER_MANAGER VALUES ('CU100',605000);
COMMIT;
-- Insert to CN1.EMPLOYEE
INSERT INTO CN1.EMPLOYEE VALUES ('EMP01','Vu Thuy Duong',to_date('18/09/2001','dd/mm/yyyy'),'0366866701','Vinh Phuc','BR01');
INSERT INTO CN1.EMPLOYEE VALUES ('EMP02','Phan Thai Tam',to_date('28/06/2001','dd/mm/yyyy'),'0764853497','Quang Nam','BR01');
INSERT INTO CN1.EMPLOYEE VALUES ('EMP03','Nguyen Thanh Sang',to_date('01/01/2001','dd/mm/yyyy'),'0366866701','Ho Chi Minh','BR01');
INSERT INTO CN1.EMPLOYEE VALUES ('EMP04','Hoang Van Tien Nhat',to_date('01/01/2001','dd/mm/yyyy'),'0366866701','Ho Chi Minh','BR01');
INSERT INTO CN1.EMPLOYEE VALUES ('EMP05','Tran Thi Ngoc An',to_date('06/06/2001','dd/mm/yyyy'),'0366866701','Binh Dinh','BR01');
INSERT INTO CN1.EMPLOYEE VALUES ('EMP06','Nguyen Xuan Minh Thu',to_date('01/01/2001','dd/mm/yyyy'),'0366866701','Kien Giang','BR01');
INSERT INTO CN1.EMPLOYEE VALUES ('EMP07','Le Thi Hong Cuc',to_date('27/01/2001','dd/mm/yyyy'),'0366866701','Tien Giang','BR01');
INSERT INTO CN1.EMPLOYEE VALUES ('EMP08','Ta Quang Huy',to_date('01/01/2001','dd/mm/yyyy'),'0366866701','Bien Hoa','BR01');
INSERT INTO CN1.EMPLOYEE VALUES ('EMP09','Tran Thanh Trung',to_date('01/01/2001','dd/mm/yyyy'),'0366866701','Ben Tre','BR01');
INSERT INTO CN1.EMPLOYEE VALUES ('EMP10','Luu Tran Anh Khoa',to_date('01/01/2001','dd/mm/yyyy'),'0366866701','Long An','BR01');
COMMIT;
-- Insert into CN1.ITEMMANAGE_MANAGER
INSERT INTO CN1.ITEMMANAGE_MANAGER VALUES ('BR01','IT01','Duoc Phep Ban',0);
INSERT INTO CN1.ITEMMANAGE_MANAGER VALUES ('BR01','IT02','Duoc Phep Ban',0);
INSERT INTO CN1.ITEMMANAGE_MANAGER VALUES ('BR01','IT03','Duoc Phep Ban',0);
INSERT INTO CN1.ITEMMANAGE_MANAGER VALUES ('BR01','IT04','Duoc Phep Ban',0);
INSERT INTO CN1.ITEMMANAGE_MANAGER VALUES ('BR01','IT05','Duoc Phep Ban',10);
INSERT INTO CN1.ITEMMANAGE_MANAGER VALUES ('BR01','IT06','Duoc Phep Ban',0);
INSERT INTO CN1.ITEMMANAGE_MANAGER VALUES ('BR01','IT07','Duoc Phep Ban',0);
INSERT INTO CN1.ITEMMANAGE_MANAGER VALUES ('BR01','IT08','Duoc Phep Ban',0);
INSERT INTO CN1.ITEMMANAGE_MANAGER VALUES ('BR01','IT09','Duoc Phep Ban',0);
INSERT INTO CN1.ITEMMANAGE_MANAGER VALUES ('BR01','IT10','Duoc Phep Ban',0);
INSERT INTO CN1.ITEMMANAGE_MANAGER VALUES ('BR01','IT11','Duoc Phep Ban',0);
INSERT INTO CN1.ITEMMANAGE_MANAGER VALUES ('BR01','IT12','Duoc Phep Ban',0);
INSERT INTO CN1.ITEMMANAGE_MANAGER VALUES ('BR01','IT13','Duoc Phep Ban',0);
INSERT INTO CN1.ITEMMANAGE_MANAGER VALUES ('BR01','IT14','Duoc Phep Ban',0);
INSERT INTO CN1.ITEMMANAGE_MANAGER VALUES ('BR01','IT15','Duoc Phep Ban',0);
INSERT INTO CN1.ITEMMANAGE_MANAGER VALUES ('BR01','IT16','Duoc Phep Ban',0);
INSERT INTO CN1.ITEMMANAGE_MANAGER VALUES ('BR01','IT17','Duoc Phep Ban',0);
INSERT INTO CN1.ITEMMANAGE_MANAGER VALUES ('BR01','IT18','Duoc Phep Ban',5);
INSERT INTO CN1.ITEMMANAGE_MANAGER VALUES ('BR01','IT19','Duoc Phep Ban',0);
INSERT INTO CN1.ITEMMANAGE_MANAGER VALUES ('BR01','IT20','Duoc Phep Ban',0);
INSERT INTO CN1.ITEMMANAGE_MANAGER VALUES ('BR01','IT21','Duoc Phep Ban',0);
INSERT INTO CN1.ITEMMANAGE_MANAGER VALUES ('BR01','IT22','Duoc Phep Ban',0);
INSERT INTO CN1.ITEMMANAGE_MANAGER VALUES ('BR01','IT23','Duoc Phep Ban',0);
INSERT INTO CN1.ITEMMANAGE_MANAGER VALUES ('BR01','IT24','Duoc Phep Ban',0);
INSERT INTO CN1.ITEMMANAGE_MANAGER VALUES ('BR01','IT25','Duoc Phep Ban',0);
INSERT INTO CN1.ITEMMANAGE_MANAGER VALUES ('BR01','IT26','Duoc Phep Ban',0);
INSERT INTO CN1.ITEMMANAGE_MANAGER VALUES ('BR01','IT27','Duoc Phep Ban',20);
INSERT INTO CN1.ITEMMANAGE_MANAGER VALUES ('BR01','IT28','Duoc Phep Ban',0);
INSERT INTO CN1.ITEMMANAGE_MANAGER VALUES ('BR01','IT29','Duoc Phep Ban',0);
INSERT INTO CN1.ITEMMANAGE_MANAGER VALUES ('BR01','IT30','Duoc Phep Ban',0);
INSERT INTO CN1.ITEMMANAGE_MANAGER VALUES ('BR01','IT31','Duoc Phep Ban',0);
INSERT INTO CN1.ITEMMANAGE_MANAGER VALUES ('BR01','IT32','Duoc Phep Ban',0);
INSERT INTO CN1.ITEMMANAGE_MANAGER VALUES ('BR01','IT33','Duoc Phep Ban',0);
INSERT INTO CN1.ITEMMANAGE_MANAGER VALUES ('BR01','IT34','Duoc Phep Ban',0);
INSERT INTO CN1.ITEMMANAGE_MANAGER VALUES ('BR01','IT35','Duoc Phep Ban',0);
INSERT INTO CN1.ITEMMANAGE_MANAGER VALUES ('BR01','IT36','Duoc Phep Ban',0);
INSERT INTO CN1.ITEMMANAGE_MANAGER VALUES ('BR01','IT37','Duoc Phep Ban',0);
INSERT INTO CN1.ITEMMANAGE_MANAGER VALUES ('BR01','IT38','Duoc Phep Ban',0);
INSERT INTO CN1.ITEMMANAGE_MANAGER VALUES ('BR01','IT39','Duoc Phep Ban',0);
INSERT INTO CN1.ITEMMANAGE_MANAGER VALUES ('BR01','IT40','Duoc Phep Ban',15);
INSERT INTO CN1.ITEMMANAGE_MANAGER VALUES ('BR01','IT41','Duoc Phep Ban',0);
INSERT INTO CN1.ITEMMANAGE_MANAGER VALUES ('BR01','IT42','Duoc Phep Ban',0);
INSERT INTO CN1.ITEMMANAGE_MANAGER VALUES ('BR01','IT43','Duoc Phep Ban',0);
INSERT INTO CN1.ITEMMANAGE_MANAGER VALUES ('BR01','IT44','Duoc Phep Ban',0);
INSERT INTO CN1.ITEMMANAGE_MANAGER VALUES ('BR01','IT45','Duoc Phep Ban',0);
INSERT INTO CN1.ITEMMANAGE_MANAGER VALUES ('BR01','IT46','Duoc Phep Ban',0);
INSERT INTO CN1.ITEMMANAGE_MANAGER VALUES ('BR01','IT47','Duoc Phep Ban',0);
INSERT INTO CN1.ITEMMANAGE_MANAGER VALUES ('BR01','IT48','Duoc Phep Ban',0);
INSERT INTO CN1.ITEMMANAGE_MANAGER VALUES ('BR01','IT49','Duoc Phep Ban',0);
INSERT INTO CN1.ITEMMANAGE_MANAGER VALUES ('BR01','IT50','Duoc Phep Ban',0);
COMMIT;
-- Insert into CN1.ITEMMANAGE_STAFF
INSERT INTO CN1.ITEMMANAGE_STAFF VALUES ('BR01','IT01','Ngay',29);
INSERT INTO CN1.ITEMMANAGE_STAFF VALUES ('BR01','IT02','Sang',7);
INSERT INTO CN1.ITEMMANAGE_STAFF VALUES ('BR01','IT03','Toi',39);
INSERT INTO CN1.ITEMMANAGE_STAFF VALUES ('BR01','IT04','Sang',39);
INSERT INTO CN1.ITEMMANAGE_STAFF VALUES ('BR01','IT05','Sang',24);
INSERT INTO CN1.ITEMMANAGE_STAFF VALUES ('BR01','IT06','Ngay',37);
INSERT INTO CN1.ITEMMANAGE_STAFF VALUES ('BR01','IT07','Chieu',14);
INSERT INTO CN1.ITEMMANAGE_STAFF VALUES ('BR01','IT08','Sang',29);
INSERT INTO CN1.ITEMMANAGE_STAFF VALUES ('BR01','IT09','Sang',46);
INSERT INTO CN1.ITEMMANAGE_STAFF VALUES ('BR01','IT10','Ngay',3);
INSERT INTO CN1.ITEMMANAGE_STAFF VALUES ('BR01','IT11','Sang',10);
INSERT INTO CN1.ITEMMANAGE_STAFF VALUES ('BR01','IT12','Ngay',33);
INSERT INTO CN1.ITEMMANAGE_STAFF VALUES ('BR01','IT13','Ngay',36);
INSERT INTO CN1.ITEMMANAGE_STAFF VALUES ('BR01','IT14','Toi',8);
INSERT INTO CN1.ITEMMANAGE_STAFF VALUES ('BR01','IT15','Ngay',37);
INSERT INTO CN1.ITEMMANAGE_STAFF VALUES ('BR01','IT16','Ngay',4);
INSERT INTO CN1.ITEMMANAGE_STAFF VALUES ('BR01','IT17','Sang',49);
INSERT INTO CN1.ITEMMANAGE_STAFF VALUES ('BR01','IT18','Ngay',3);
INSERT INTO CN1.ITEMMANAGE_STAFF VALUES ('BR01','IT19','Sang',39);
INSERT INTO CN1.ITEMMANAGE_STAFF VALUES ('BR01','IT20','Chieu',19);
INSERT INTO CN1.ITEMMANAGE_STAFF VALUES ('BR01','IT21','Toi',10);
INSERT INTO CN1.ITEMMANAGE_STAFF VALUES ('BR01','IT22','Sang',18);
INSERT INTO CN1.ITEMMANAGE_STAFF VALUES ('BR01','IT23','Sang',24);
INSERT INTO CN1.ITEMMANAGE_STAFF VALUES ('BR01','IT24','Ngay',31);
INSERT INTO CN1.ITEMMANAGE_STAFF VALUES ('BR01','IT25','Sang',2);
INSERT INTO CN1.ITEMMANAGE_STAFF VALUES ('BR01','IT26','Chieu',5);
INSERT INTO CN1.ITEMMANAGE_STAFF VALUES ('BR01','IT27','Toi',2);
INSERT INTO CN1.ITEMMANAGE_STAFF VALUES ('BR01','IT28','Chieu',14);
INSERT INTO CN1.ITEMMANAGE_STAFF VALUES ('BR01','IT29','Sang',23);
INSERT INTO CN1.ITEMMANAGE_STAFF VALUES ('BR01','IT30','Sang',17);
INSERT INTO CN1.ITEMMANAGE_STAFF VALUES ('BR01','IT31','Ngay',28);
INSERT INTO CN1.ITEMMANAGE_STAFF VALUES ('BR01','IT32','Ngay',9);
INSERT INTO CN1.ITEMMANAGE_STAFF VALUES ('BR01','IT33','Ngay',30);
INSERT INTO CN1.ITEMMANAGE_STAFF VALUES ('BR01','IT34','Sang',43);
INSERT INTO CN1.ITEMMANAGE_STAFF VALUES ('BR01','IT35','Sang',44);
INSERT INTO CN1.ITEMMANAGE_STAFF VALUES ('BR01','IT36','Sang',31);
INSERT INTO CN1.ITEMMANAGE_STAFF VALUES ('BR01','IT37','Ngay',24);
INSERT INTO CN1.ITEMMANAGE_STAFF VALUES ('BR01','IT38','Sang',19);
INSERT INTO CN1.ITEMMANAGE_STAFF VALUES ('BR01','IT39','Chieu',35);
INSERT INTO CN1.ITEMMANAGE_STAFF VALUES ('BR01','IT40','Sang',42);
INSERT INTO CN1.ITEMMANAGE_STAFF VALUES ('BR01','IT41','Ngay',2);
INSERT INTO CN1.ITEMMANAGE_STAFF VALUES ('BR01','IT42','Chieu',22);
INSERT INTO CN1.ITEMMANAGE_STAFF VALUES ('BR01','IT43','Ngay',43);
INSERT INTO CN1.ITEMMANAGE_STAFF VALUES ('BR01','IT44','Toi',0);
INSERT INTO CN1.ITEMMANAGE_STAFF VALUES ('BR01','IT45','Sang',24);
INSERT INTO CN1.ITEMMANAGE_STAFF VALUES ('BR01','IT46','Chieu',16);
INSERT INTO CN1.ITEMMANAGE_STAFF VALUES ('BR01','IT47','Toi',9);
INSERT INTO CN1.ITEMMANAGE_STAFF VALUES ('BR01','IT48','Ngay',42);
INSERT INTO CN1.ITEMMANAGE_STAFF VALUES ('BR01','IT49','Ngay',8);
INSERT INTO CN1.ITEMMANAGE_STAFF VALUES ('BR01','IT50','Ngay',21);
COMMIT;
-- Insert into CN1.BILL
INSERT INTO CN1.BILL VALUES ('BI01',to_date('01/11/2021','dd/mm/yyyy'),'CU05','EMP01',725000);
INSERT INTO CN1.BILL VALUES ('BI02',to_date('01/11/2021','dd/mm/yyyy'),'CU06','EMP01',720000);
INSERT INTO CN1.BILL VALUES ('BI03',to_date('01/11/2021','dd/mm/yyyy'),'CU07','EMP01',735000);
INSERT INTO CN1.BILL VALUES ('BI04',to_date('01/11/2021','dd/mm/yyyy'),'CU08','EMP01',908000);
INSERT INTO CN1.BILL VALUES ('BI05',to_date('01/11/2021','dd/mm/yyyy'),'CU09','EMP01',660000);
INSERT INTO CN1.BILL VALUES ('BI06',to_date('01/11/2021','dd/mm/yyyy'),'CU10','EMP01',763000);
INSERT INTO CN1.BILL VALUES ('BI07',to_date('01/11/2021','dd/mm/yyyy'),'CU11','EMP02',1225000);
INSERT INTO CN1.BILL VALUES ('BI08',to_date('05/11/2021','dd/mm/yyyy'),'CU12','EMP02',623000);
INSERT INTO CN1.BILL VALUES ('BI09',to_date('05/11/2021','dd/mm/yyyy'),'CU13','EMP02',469000);
INSERT INTO CN1.BILL VALUES ('BI10',to_date('05/11/2021','dd/mm/yyyy'),'CU14','EMP02',3441000);
INSERT INTO CN1.BILL VALUES ('BI11',to_date('05/11/2021','dd/mm/yyyy'),'CU15','EMP02',1565000);
INSERT INTO CN1.BILL VALUES ('BI12',to_date('05/11/2021','dd/mm/yyyy'),'CU05','EMP02',400000);
INSERT INTO CN1.BILL VALUES ('BI21',to_date('13/11/2021','dd/mm/yyyy'),'CU23','EMP02',225000);
INSERT INTO CN1.BILL VALUES ('BI22',to_date('13/11/2021','dd/mm/yyyy'),'CU45','EMP02',220000);
INSERT INTO CN1.BILL VALUES ('BI23',to_date('13/11/2021','dd/mm/yyyy'),'CU50','EMP02',340000);
INSERT INTO CN1.BILL VALUES ('BI24',to_date('13/11/2021','dd/mm/yyyy'),'CU21','EMP02',120000);
INSERT INTO CN1.BILL VALUES ('BI25',to_date('14/11/2021','dd/mm/yyyy'),'CU31','EMP02',48000);
INSERT INTO CN1.BILL VALUES ('BI26',to_date('14/11/2021','dd/mm/yyyy'),'CU22','EMP02',196000);
INSERT INTO CN1.BILL VALUES ('BI27',to_date('14/11/2021','dd/mm/yyyy'),'CU29','EMP02',90000);
INSERT INTO CN1.BILL VALUES ('BI28',to_date('14/11/2021','dd/mm/yyyy'),'CU09','EMP02',240000);
INSERT INTO CN1.BILL VALUES ('BI29',to_date('14/11/2021','dd/mm/yyyy'),'CU12','EMP02',360000);
INSERT INTO CN1.BILL VALUES ('BI30',to_date('15/11/2021','dd/mm/yyyy'),'CU34','EMP02',390000);
INSERT INTO CN1.BILL VALUES ('BI31',to_date('15/11/2021','dd/mm/yyyy'),'CU35','EMP02',168000);
INSERT INTO CN1.BILL VALUES ('BI32',to_date('15/11/2021','dd/mm/yyyy'),'CU48','EMP02',180000);
INSERT INTO CN1.BILL VALUES ('BI41',to_date('17/11/2021','dd/mm/yyyy'),'CU40','EMP02',400000);
INSERT INTO CN1.BILL VALUES ('BI42',to_date('17/11/2021','dd/mm/yyyy'),'CU39','EMP02',120000);
INSERT INTO CN1.BILL VALUES ('BI43',to_date('17/11/2021','dd/mm/yyyy'),'CU29','EMP03',390000);
INSERT INTO CN1.BILL VALUES ('BI44',to_date('17/11/2021','dd/mm/yyyy'),'CU19','EMP03',45000);
INSERT INTO CN1.BILL VALUES ('BI45',to_date('17/11/2021','dd/mm/yyyy'),'CU17','EMP04',675000);
INSERT INTO CN1.BILL VALUES ('BI46',to_date('18/11/2021','dd/mm/yyyy'),'CU27','EMP04',312000);
INSERT INTO CN1.BILL VALUES ('BI47',to_date('18/11/2021','dd/mm/yyyy'),'CU42','EMP04',114000);
INSERT INTO CN1.BILL VALUES ('BI48',to_date('18/11/2021','dd/mm/yyyy'),'CU43','EMP04',1580000);
INSERT INTO CN1.BILL VALUES ('BI49',to_date('18/11/2021','dd/mm/yyyy'),'CU10','EMP04',1315000);
INSERT INTO CN1.BILL VALUES ('BI50',to_date('18/11/2021','dd/mm/yyyy'),'CU14','EMP04',2588000);
INSERT INTO CN1.BILL VALUES ('BI51',to_date('19/11/2021','dd/mm/yyyy'),'CU01','EMP01',725000);
INSERT INTO CN1.BILL VALUES ('BI52',to_date('19/11/2021','dd/mm/yyyy'),'CU06','EMP01',720000);
INSERT INTO CN1.BILL VALUES ('BI53',to_date('19/11/2021','dd/mm/yyyy'),'CU07','EMP01',735000);
INSERT INTO CN1.BILL VALUES ('BI54',to_date('19/11/2021','dd/mm/yyyy'),'CU08','EMP01',908000);
INSERT INTO CN1.BILL VALUES ('BI55',to_date('19/11/2021','dd/mm/yyyy'),'CU09','EMP01',660000);
INSERT INTO CN1.BILL VALUES ('BI56',to_date('19/11/2021','dd/mm/yyyy'),'CU10','EMP01',763000);
INSERT INTO CN1.BILL VALUES ('BI57',to_date('19/11/2021','dd/mm/yyyy'),'CU11','EMP02',1225000);
INSERT INTO CN1.BILL VALUES ('BI58',to_date('19/11/2021','dd/mm/yyyy'),'CU12','EMP02',623000);
INSERT INTO CN1.BILL VALUES ('BI59',to_date('19/11/2021','dd/mm/yyyy'),'CU13','EMP02',469000);
INSERT INTO CN1.BILL VALUES ('BI60',to_date('19/11/2021','dd/mm/yyyy'),'CU14','EMP02',3441000);
INSERT INTO CN1.BILL VALUES ('BI61',to_date('19/11/2021','dd/mm/yyyy'),'CU15','EMP02',1565000);
INSERT INTO CN1.BILL VALUES ('BI62',to_date('19/11/2021','dd/mm/yyyy'),'CU05','EMP02',400000);
INSERT INTO CN1.BILL VALUES ('BI63',to_date('19/11/2021','dd/mm/yyyy'),'CU06','EMP01',144000);
INSERT INTO CN1.BILL VALUES ('BI64',to_date('19/11/2021','dd/mm/yyyy'),'CU07','EMP01',114000);
INSERT INTO CN1.BILL VALUES ('BI65',to_date('19/11/2021','dd/mm/yyyy'),'CU08','EMP01',150000);
INSERT INTO CN1.BILL VALUES ('BI66',to_date('20/11/2021','dd/mm/yyyy'),'CU09','EMP01',384000);
INSERT INTO CN1.BILL VALUES ('BI67',to_date('20/11/2021','dd/mm/yyyy'),'CU10','EMP01',90000);
INSERT INTO CN1.BILL VALUES ('BI68',to_date('20/11/2021','dd/mm/yyyy'),'CU11','EMP01',30000);
INSERT INTO CN1.BILL VALUES ('BI69',to_date('20/11/2021','dd/mm/yyyy'),'CU12','EMP02',330000);
INSERT INTO CN1.BILL VALUES ('BI70',to_date('20/11/2021','dd/mm/yyyy'),'CU13','EMP02',192000);
INSERT INTO CN1.BILL VALUES ('BI71',to_date('20/11/2021','dd/mm/yyyy'),'CU23','EMP02',225000);
INSERT INTO CN1.BILL VALUES ('BI72',to_date('20/11/2021','dd/mm/yyyy'),'CU45','EMP02',220000);
INSERT INTO CN1.BILL VALUES ('BI73',to_date('20/11/2021','dd/mm/yyyy'),'CU50','EMP02',340000);
INSERT INTO CN1.BILL VALUES ('BI74',to_date('20/11/2021','dd/mm/yyyy'),'CU21','EMP02',120000);
INSERT INTO CN1.BILL VALUES ('BI75',to_date('20/11/2021','dd/mm/yyyy'),'CU31','EMP01',48000);
INSERT INTO CN1.BILL VALUES ('BI76',to_date('20/11/2021','dd/mm/yyyy'),'CU22','EMP01',196000);
INSERT INTO CN1.BILL VALUES ('BI77',to_date('20/11/2021','dd/mm/yyyy'),'CU29','EMP01',90000);
INSERT INTO CN1.BILL VALUES ('BI78',to_date('20/11/2021','dd/mm/yyyy'),'CU09','EMP01',240000);
INSERT INTO CN1.BILL VALUES ('BI79',to_date('20/11/2021','dd/mm/yyyy'),'CU12','EMP01',360000);
INSERT INTO CN1.BILL VALUES ('BI80',to_date('20/11/2021','dd/mm/yyyy'),'CU34','EMP01',390000);
INSERT INTO CN1.BILL VALUES ('BI81',to_date('20/11/2021','dd/mm/yyyy'),'CU35','EMP02',168000);
INSERT INTO CN1.BILL VALUES ('BI82',to_date('20/11/2021','dd/mm/yyyy'),'CU48','EMP02',180000);
INSERT INTO CN1.BILL VALUES ('BI83',to_date('20/11/2021','dd/mm/yyyy'),'CU32','EMP02',264000);
INSERT INTO CN1.BILL VALUES ('BI84',to_date('20/11/2021','dd/mm/yyyy'),'CU20','EMP02',300000);
INSERT INTO CN1.BILL VALUES ('BI85',to_date('20/11/2021','dd/mm/yyyy'),'CU11','EMP02',280000);
INSERT INTO CN1.BILL VALUES ('BI86',to_date('21/11/2021','dd/mm/yyyy'),'CU17','EMP02',240000);
INSERT INTO CN1.BILL VALUES ('BI87',to_date('21/11/2021','dd/mm/yyyy'),'CU05','EMP01',312000);
INSERT INTO CN1.BILL VALUES ('BI88',to_date('21/11/2021','dd/mm/yyyy'),'CU30','EMP01',456000);
INSERT INTO CN1.BILL VALUES ('BI89',to_date('21/11/2021','dd/mm/yyyy'),'CU10','EMP01',675000);
INSERT INTO CN1.BILL VALUES ('BI90',to_date('21/11/2021','dd/mm/yyyy'),'CU20','EMP01',288000);
INSERT INTO CN1.BILL VALUES ('BI91',to_date('21/11/2021','dd/mm/yyyy'),'CU40','EMP01',400000);
INSERT INTO CN1.BILL VALUES ('BI92',to_date('21/11/2021','dd/mm/yyyy'),'CU39','EMP01',120000);
INSERT INTO CN1.BILL VALUES ('BI93',to_date('21/11/2021','dd/mm/yyyy'),'CU29','EMP02',390000);
INSERT INTO CN1.BILL VALUES ('BI94',to_date('21/11/2021','dd/mm/yyyy'),'CU19','EMP02',45000);
INSERT INTO CN1.BILL VALUES ('BI95',to_date('21/11/2021','dd/mm/yyyy'),'CU17','EMP02',675000);
INSERT INTO CN1.BILL VALUES ('BI96',to_date('21/11/2021','dd/mm/yyyy'),'CU27','EMP02',312000);
INSERT INTO CN1.BILL VALUES ('BI97',to_date('21/11/2021','dd/mm/yyyy'),'CU42','EMP02',114000);
INSERT INTO CN1.BILL VALUES ('BI98',to_date('21/11/2021','dd/mm/yyyy'),'CU43','EMP02',1580000);
INSERT INTO CN1.BILL VALUES ('BI99',to_date('21/11/2021','dd/mm/yyyy'),'CU10','EMP01',1315000);
INSERT INTO CN1.BILL VALUES ('BI200',to_date('05/12/2021','dd/mm/yyyy'),'CU07','EMP04',725000);
INSERT INTO CN1.BILL VALUES ('BI201',to_date('05/12/2021','dd/mm/yyyy'),'CU08','EMP05',720000);
INSERT INTO CN1.BILL VALUES ('BI202',to_date('05/12/2021','dd/mm/yyyy'),'CU09','EMP06',735000);
INSERT INTO CN1.BILL VALUES ('BI203',to_date('05/12/2021','dd/mm/yyyy'),'CU10','EMP07',908000);
INSERT INTO CN1.BILL VALUES ('BI204',to_date('05/12/2021','dd/mm/yyyy'),'CU11','EMP08',660000);
INSERT INTO CN1.BILL VALUES ('BI205',to_date('05/12/2021','dd/mm/yyyy'),'CU12','EMP09',763000);
INSERT INTO CN1.BILL VALUES ('BI206',to_date('05/12/2021','dd/mm/yyyy'),'CU13','EMP04',1225000);
INSERT INTO CN1.BILL VALUES ('BI207',to_date('05/12/2021','dd/mm/yyyy'),'CU22','EMP05',623000);
INSERT INTO CN1.BILL VALUES ('BI208',to_date('05/12/2021','dd/mm/yyyy'),'CU23','EMP06',469000);
INSERT INTO CN1.BILL VALUES ('BI209',to_date('05/12/2021','dd/mm/yyyy'),'CU24','EMP07',3441000);
INSERT INTO CN1.BILL VALUES ('BI210',to_date('05/12/2021','dd/mm/yyyy'),'CU25','EMP08',1565000);
INSERT INTO CN1.BILL VALUES ('BI211',to_date('06/12/2021','dd/mm/yyyy'),'CU26','EMP09',400000);
INSERT INTO CN1.BILL VALUES ('BI212',to_date('06/12/2021','dd/mm/yyyy'),'CU27','EMP04',144000);
INSERT INTO CN1.BILL VALUES ('BI213',to_date('06/12/2021','dd/mm/yyyy'),'CU28','EMP05',114000);
INSERT INTO CN1.BILL VALUES ('BI214',to_date('06/12/2021','dd/mm/yyyy'),'CU29','EMP06',150000);
INSERT INTO CN1.BILL VALUES ('BI215',to_date('06/12/2021','dd/mm/yyyy'),'CU30','EMP07',384000);
INSERT INTO CN1.BILL VALUES ('BI216',to_date('06/12/2021','dd/mm/yyyy'),'CU31','EMP08',90000);
INSERT INTO CN1.BILL VALUES ('BI217',to_date('05/12/2021','dd/mm/yyyy'),'CU40','EMP09',30000);
INSERT INTO CN1.BILL VALUES ('BI218',to_date('05/12/2021','dd/mm/yyyy'),'CU39','EMP04',330000);
INSERT INTO CN1.BILL VALUES ('BI219',to_date('05/12/2021','dd/mm/yyyy'),'CU29','EMP05',192000);
INSERT INTO CN1.BILL VALUES ('BI220',to_date('05/12/2021','dd/mm/yyyy'),'CU19','EMP06',225000);
INSERT INTO CN1.BILL VALUES ('BI221',to_date('05/12/2021','dd/mm/yyyy'),'CU17','EMP07',220000);
INSERT INTO CN1.BILL VALUES ('BI222',to_date('05/12/2021','dd/mm/yyyy'),'CU27','EMP08',340000);
INSERT INTO CN1.BILL VALUES ('BI223',to_date('05/12/2021','dd/mm/yyyy'),'CU42','EMP09',120000);
INSERT INTO CN1.BILL VALUES ('BI224',to_date('05/12/2021','dd/mm/yyyy'),'CU43','EMP04',48000);
INSERT INTO CN1.BILL VALUES ('BI225',to_date('05/12/2021','dd/mm/yyyy'),'CU10','EMP05',196000);
INSERT INTO CN1.BILL VALUES ('BI226',to_date('06/12/2021','dd/mm/yyyy'),'CU01','EMP06',90000);
INSERT INTO CN1.BILL VALUES ('BI227',to_date('06/12/2021','dd/mm/yyyy'),'CU09','EMP07',240000);
INSERT INTO CN1.BILL VALUES ('BI228',to_date('06/12/2021','dd/mm/yyyy'),'CU12','EMP08',360000);
INSERT INTO CN1.BILL VALUES ('BI229',to_date('06/12/2021','dd/mm/yyyy'),'CU34','EMP09',390000);
INSERT INTO CN1.BILL VALUES ('BI230',to_date('06/12/2021','dd/mm/yyyy'),'CU35','EMP04',168000);
INSERT INTO CN1.BILL VALUES ('BI231',to_date('06/12/2021','dd/mm/yyyy'),'CU48','EMP05',180000);
INSERT INTO CN1.BILL VALUES ('BI232',to_date('06/12/2021','dd/mm/yyyy'),'CU10','EMP06',264000);
INSERT INTO CN1.BILL VALUES ('BI233',to_date('07/12/2021','dd/mm/yyyy'),'CU11','EMP07',300000);
INSERT INTO CN1.BILL VALUES ('BI234',to_date('07/12/2021','dd/mm/yyyy'),'CU12','EMP08',280000);
INSERT INTO CN1.BILL VALUES ('BI235',to_date('07/12/2021','dd/mm/yyyy'),'CU13','EMP09',240000);
INSERT INTO CN1.BILL VALUES ('BI236',to_date('07/12/2021','dd/mm/yyyy'),'CU22','EMP04',312000);
INSERT INTO CN1.BILL VALUES ('BI237',to_date('07/12/2021','dd/mm/yyyy'),'CU42','EMP05',456000);
INSERT INTO CN1.BILL VALUES ('BI238',to_date('07/12/2021','dd/mm/yyyy'),'CU43','EMP06',675000);
INSERT INTO CN1.BILL VALUES ('BI239',to_date('07/12/2021','dd/mm/yyyy'),'CU10','EMP07',288000);
INSERT INTO CN1.BILL VALUES ('BI240',to_date('07/12/2021','dd/mm/yyyy'),'CU01','EMP08',400000);
INSERT INTO CN1.BILL VALUES ('BI241',to_date('07/12/2021','dd/mm/yyyy'),'CU09','EMP09',120000);
INSERT INTO CN1.BILL VALUES ('BI242',to_date('07/12/2021','dd/mm/yyyy'),'CU29','EMP01',390000);
INSERT INTO CN1.BILL VALUES ('BI243',to_date('07/12/2021','dd/mm/yyyy'),'CU19','EMP01',45000);
INSERT INTO CN1.BILL VALUES ('BI244',to_date('07/12/2021','dd/mm/yyyy'),'CU17','EMP01',675000);
INSERT INTO CN1.BILL VALUES ('BI245',to_date('07/12/2021','dd/mm/yyyy'),'CU27','EMP01',312000);
INSERT INTO CN1.BILL VALUES ('BI246',to_date('07/12/2021','dd/mm/yyyy'),'CU42','EMP01',114000);
INSERT INTO CN1.BILL VALUES ('BI247',to_date('07/12/2021','dd/mm/yyyy'),'CU43','EMP01',1580000);
INSERT INTO CN1.BILL VALUES ('BI248',to_date('07/12/2021','dd/mm/yyyy'),'CU10','EMP01',1315000);
INSERT INTO CN1.BILL VALUES ('BI249',to_date('07/12/2021','dd/mm/yyyy'),'CU01','EMP01',2588000);
INSERT INTO CN1.BILL VALUES ('BI250',to_date('08/12/2021','dd/mm/yyyy'),'CU55','EMP04',725000);
INSERT INTO CN1.BILL VALUES ('BI251',to_date('08/12/2021','dd/mm/yyyy'),'CU63','EMP05',720000);
INSERT INTO CN1.BILL VALUES ('BI252',to_date('08/12/2021','dd/mm/yyyy'),'CU77','EMP06',735000);
INSERT INTO CN1.BILL VALUES ('BI253',to_date('08/12/2021','dd/mm/yyyy'),'CU82','EMP07',908000);
INSERT INTO CN1.BILL VALUES ('BI254',to_date('08/12/2021','dd/mm/yyyy'),'CU88','EMP08',660000);
INSERT INTO CN1.BILL VALUES ('BI255',to_date('08/12/2021','dd/mm/yyyy'),'CU12','EMP09',763000);
INSERT INTO CN1.BILL VALUES ('BI256',to_date('08/12/2021','dd/mm/yyyy'),'CU13','EMP04',1225000);
INSERT INTO CN1.BILL VALUES ('BI257',to_date('08/12/2021','dd/mm/yyyy'),'CU77','EMP05',623000);
INSERT INTO CN1.BILL VALUES ('BI258',to_date('08/12/2021','dd/mm/yyyy'),'CU78','EMP06',469000);
INSERT INTO CN1.BILL VALUES ('BI259',to_date('08/12/2021','dd/mm/yyyy'),'CU79','EMP07',3441000);
INSERT INTO CN1.BILL VALUES ('BI260',to_date('08/12/2021','dd/mm/yyyy'),'CU80','EMP08',1565000);
INSERT INTO CN1.BILL VALUES ('BI261',to_date('08/12/2021','dd/mm/yyyy'),'CU74','EMP09',400000);
INSERT INTO CN1.BILL VALUES ('BI262',to_date('08/12/2021','dd/mm/yyyy'),'CU75','EMP04',144000);
INSERT INTO CN1.BILL VALUES ('BI263',to_date('08/12/2021','dd/mm/yyyy'),'CU76','EMP05',114000);
INSERT INTO CN1.BILL VALUES ('BI264',to_date('08/12/2021','dd/mm/yyyy'),'CU84','EMP06',150000);
INSERT INTO CN1.BILL VALUES ('BI265',to_date('08/12/2021','dd/mm/yyyy'),'CU85','EMP07',384000);
INSERT INTO CN1.BILL VALUES ('BI266',to_date('08/12/2021','dd/mm/yyyy'),'CU86','EMP08',90000);
INSERT INTO CN1.BILL VALUES ('BI267',to_date('08/12/2021','dd/mm/yyyy'),'CU55','EMP09',30000);
INSERT INTO CN1.BILL VALUES ('BI268',to_date('08/12/2021','dd/mm/yyyy'),'CU56','EMP04',330000);
INSERT INTO CN1.BILL VALUES ('BI269',to_date('08/12/2021','dd/mm/yyyy'),'CU57','EMP05',192000);
INSERT INTO CN1.BILL VALUES ('BI270',to_date('08/12/2021','dd/mm/yyyy'),'CU58','EMP06',225000);
INSERT INTO CN1.BILL VALUES ('BI271',to_date('08/12/2021','dd/mm/yyyy'),'CU59','EMP07',220000);
INSERT INTO CN1.BILL VALUES ('BI272',to_date('09/12/2021','dd/mm/yyyy'),'CU60','EMP08',340000);
INSERT INTO CN1.BILL VALUES ('BI273',to_date('09/12/2021','dd/mm/yyyy'),'CU61','EMP09',120000);
INSERT INTO CN1.BILL VALUES ('BI274',to_date('09/12/2021','dd/mm/yyyy'),'CU55','EMP04',48000);
INSERT INTO CN1.BILL VALUES ('BI275',to_date('09/12/2021','dd/mm/yyyy'),'CU56','EMP05',196000);
INSERT INTO CN1.BILL VALUES ('BI276',to_date('09/12/2021','dd/mm/yyyy'),'CU57','EMP06',90000);
INSERT INTO CN1.BILL VALUES ('BI277',to_date('09/12/2021','dd/mm/yyyy'),'CU58','EMP07',240000);
INSERT INTO CN1.BILL VALUES ('BI278',to_date('09/12/2021','dd/mm/yyyy'),'CU59','EMP08',360000);
INSERT INTO CN1.BILL VALUES ('BI279',to_date('09/12/2021','dd/mm/yyyy'),'CU60','EMP09',390000);
INSERT INTO CN1.BILL VALUES ('BI280',to_date('09/12/2021','dd/mm/yyyy'),'CU61','EMP04',168000);
INSERT INTO CN1.BILL VALUES ('BI281',to_date('09/12/2021','dd/mm/yyyy'),'CU62','EMP05',180000);
INSERT INTO CN1.BILL VALUES ('BI282',to_date('09/12/2021','dd/mm/yyyy'),'CU63','EMP06',264000);
INSERT INTO CN1.BILL VALUES ('BI283',to_date('09/12/2021','dd/mm/yyyy'),'CU51','EMP07',300000);
INSERT INTO CN1.BILL VALUES ('BI284',to_date('09/12/2021','dd/mm/yyyy'),'CU52','EMP08',280000);
INSERT INTO CN1.BILL VALUES ('BI285',to_date('09/12/2021','dd/mm/yyyy'),'CU53','EMP09',240000);
INSERT INTO CN1.BILL VALUES ('BI286',to_date('09/12/2021','dd/mm/yyyy'),'CU54','EMP04',312000);
INSERT INTO CN1.BILL VALUES ('BI287',to_date('09/12/2021','dd/mm/yyyy'),'CU55','EMP05',456000);
INSERT INTO CN1.BILL VALUES ('BI288',to_date('09/12/2021','dd/mm/yyyy'),'CU56','EMP06',675000);
INSERT INTO CN1.BILL VALUES ('BI289',to_date('09/12/2021','dd/mm/yyyy'),'CU57','EMP07',288000);
INSERT INTO CN1.BILL VALUES ('BI290',to_date('09/12/2021','dd/mm/yyyy'),'CU58','EMP08',400000);
INSERT INTO CN1.BILL VALUES ('BI291',to_date('09/12/2021','dd/mm/yyyy'),'CU66','EMP09',120000);
INSERT INTO CN1.BILL VALUES ('BI292',to_date('09/12/2021','dd/mm/yyyy'),'CU67','EMP01',390000);
INSERT INTO CN1.BILL VALUES ('BI293',to_date('09/12/2021','dd/mm/yyyy'),'CU68','EMP01',45000);
INSERT INTO CN1.BILL VALUES ('BI294',to_date('09/12/2021','dd/mm/yyyy'),'CU69','EMP01',675000);
INSERT INTO CN1.BILL VALUES ('BI295',to_date('09/12/2021','dd/mm/yyyy'),'CU70','EMP01',312000);
INSERT INTO CN1.BILL VALUES ('BI296',to_date('09/12/2021','dd/mm/yyyy'),'CU71','EMP01',114000);
INSERT INTO CN1.BILL VALUES ('BI297',to_date('09/12/2021','dd/mm/yyyy'),'CU72','EMP01',1580000);
INSERT INTO CN1.BILL VALUES ('BI298',to_date('09/12/2021','dd/mm/yyyy'),'CU73','EMP01',1315000);
INSERT INTO CN1.BILL VALUES ('BI299',to_date('09/12/2021','dd/mm/yyyy'),'CU74','EMP01',2588000);
COMMIT;
-- Insert into CN1.BILLDETAIL
INSERT INTO CN1.BILLDETAIL VALUES ('BI01','IT01',13,260000);
INSERT INTO CN1.BILLDETAIL VALUES ('BI01','IT02',1,15000);
INSERT INTO CN1.BILLDETAIL VALUES ('BI01','IT10',10,450000);
INSERT INTO CN1.BILLDETAIL VALUES ('BI02','IT11',14,630000);
INSERT INTO CN1.BILLDETAIL VALUES ('BI02','IT12',2,90000);
INSERT INTO CN1.BILLDETAIL VALUES ('BI03','IT29',11,330000);
INSERT INTO CN1.BILLDETAIL VALUES ('BI03','IT30',6,270000);
INSERT INTO CN1.BILLDETAIL VALUES ('BI03','IT31',3,135000);
INSERT INTO CN1.BILLDETAIL VALUES ('BI04','IT34',6,228000);
INSERT INTO CN1.BILLDETAIL VALUES ('BI04','IT35',8,320000);
INSERT INTO CN1.BILLDETAIL VALUES ('BI04','IT36',9,360000);
INSERT INTO CN1.BILLDETAIL VALUES ('BI05','IT20',13,390000);
INSERT INTO CN1.BILLDETAIL VALUES ('BI05','IT21',1,36000);
INSERT INTO CN1.BILLDETAIL VALUES ('BI05','IT22',6,234000);
INSERT INTO CN1.BILLDETAIL VALUES ('BI06','IT28',14,448000);
INSERT INTO CN1.BILLDETAIL VALUES ('BI06','IT29',6,180000);
INSERT INTO CN1.BILLDETAIL VALUES ('BI06','IT30',3,135000);
INSERT INTO CN1.BILLDETAIL VALUES ('BI07','IT37',7,280000);
INSERT INTO CN1.BILLDETAIL VALUES ('BI07','IT38',6,240000);
INSERT INTO CN1.BILLDETAIL VALUES ('BI07','IT39',7,280000);
INSERT INTO CN1.BILLDETAIL VALUES ('BI07','IT40',6,180000);
INSERT INTO CN1.BILLDETAIL VALUES ('BI07','IT41',7,245000);
INSERT INTO CN1.BILLDETAIL VALUES ('BI08','IT47',6,144000);
INSERT INTO CN1.BILLDETAIL VALUES ('BI08','IT48',5,175000);
INSERT INTO CN1.BILLDETAIL VALUES ('BI08','IT49',11,264000);
INSERT INTO CN1.BILLDETAIL VALUES ('BI08','IT50',2,40000);
INSERT INTO CN1.BILLDETAIL VALUES ('BI09','IT50',6,120000);
INSERT INTO CN1.BILLDETAIL VALUES ('BI09','IT01',5,100000);
INSERT INTO CN1.BILLDETAIL VALUES ('BI09','IT02',3,45000);
INSERT INTO CN1.BILLDETAIL VALUES ('BI09','IT03',2,36000);
INSERT INTO CN1.BILLDETAIL VALUES ('BI09','IT04',8,120000);
INSERT INTO CN1.BILLDETAIL VALUES ('BI09','IT05',2,48000);
INSERT INTO CN1.BILLDETAIL VALUES ('BI10','IT19',7,210000);
INSERT INTO CN1.BILLDETAIL VALUES ('BI10','IT20',1,30000);
INSERT INTO CN1.BILLDETAIL VALUES ('BI10','IT21',2,72000);
INSERT INTO CN1.BILLDETAIL VALUES ('BI10','IT22',4,156000);
INSERT INTO CN1.BILLDETAIL VALUES ('BI10','IT23',62,2418000);
INSERT INTO CN1.BILLDETAIL VALUES ('BI10','IT24',5,195000);
INSERT INTO CN1.BILLDETAIL VALUES ('BI10','IT25',2,78000);
INSERT INTO CN1.BILLDETAIL VALUES ('BI10','IT26',6,180000);
INSERT INTO CN1.BILLDETAIL VALUES ('BI10','IT27',2,70000);
INSERT INTO CN1.BILLDETAIL VALUES ('BI10','IT28',1,32000);
INSERT INTO CN1.BILLDETAIL VALUES ('BI11','IT38',15,600000);
INSERT INTO CN1.BILLDETAIL VALUES ('BI11','IT39',11,440000);
INSERT INTO CN1.BILLDETAIL VALUES ('BI11','IT40',14,420000);
INSERT INTO CN1.BILLDETAIL VALUES ('BI11','IT41',3,105000);
INSERT INTO CN1.BILLDETAIL VALUES ('BI12','IT38',10,400000);
INSERT INTO CN1.BILLDETAIL VALUES ('BI21','IT02',15,225000);
INSERT INTO CN1.BILLDETAIL VALUES ('BI22','IT01',11,220000);
INSERT INTO CN1.BILLDETAIL VALUES ('BI23','IT08',10,340000);
INSERT INTO CN1.BILLDETAIL VALUES ('BI24','IT04',8,120000);
INSERT INTO CN1.BILLDETAIL VALUES ('BI25','IT05',2,48000);
INSERT INTO CN1.BILLDETAIL VALUES ('BI26','IT06',7,196000);
INSERT INTO CN1.BILLDETAIL VALUES ('BI27','IT26',3,90000);
INSERT INTO CN1.BILLDETAIL VALUES ('BI28','IT47',10,240000);
INSERT INTO CN1.BILLDETAIL VALUES ('BI29','IT14',8,360000);
INSERT INTO CN1.BILLDETAIL VALUES ('BI30','IT17',13,390000);
INSERT INTO CN1.BILLDETAIL VALUES ('BI31','IT05',7,168000);
INSERT INTO CN1.BILLDETAIL VALUES ('BI32','IT29',6,180000);
INSERT INTO CN1.BILLDETAIL VALUES ('BI41','IT38',10,400000);
INSERT INTO CN1.BILLDETAIL VALUES ('BI42','IT44',5,120000);
INSERT INTO CN1.BILLDETAIL VALUES ('BI43','IT23',10,390000);
INSERT INTO CN1.BILLDETAIL VALUES ('BI44','IT13',1,45000);
INSERT INTO CN1.BILLDETAIL VALUES ('BI45','IT12',15,675000);
INSERT INTO CN1.BILLDETAIL VALUES ('BI46','IT23',8,312000);
INSERT INTO CN1.BILLDETAIL VALUES ('BI47','IT34',3,114000);
INSERT INTO CN1.BILLDETAIL VALUES ('BI48','IT45',11,198000);
INSERT INTO CN1.BILLDETAIL VALUES ('BI48','IT46',3,120000);
INSERT INTO CN1.BILLDETAIL VALUES ('BI48','IT47',6,144000);
INSERT INTO CN1.BILLDETAIL VALUES ('BI48','IT48',26,910000);
INSERT INTO CN1.BILLDETAIL VALUES ('BI48','IT49',7,168000);
INSERT INTO CN1.BILLDETAIL VALUES ('BI48','IT50',2,40000);
INSERT INTO CN1.BILLDETAIL VALUES ('BI49','IT39',13,520000);
INSERT INTO CN1.BILLDETAIL VALUES ('BI49','IT40',7,210000);
INSERT INTO CN1.BILLDETAIL VALUES ('BI49','IT41',3,105000);
INSERT INTO CN1.BILLDETAIL VALUES ('BI49','IT42',9,216000);
INSERT INTO CN1.BILLDETAIL VALUES ('BI49','IT43',11,264000);
INSERT INTO CN1.BILLDETAIL VALUES ('BI50','IT07',8,256000);
INSERT INTO CN1.BILLDETAIL VALUES ('BI50','IT08',3,102000);
INSERT INTO CN1.BILLDETAIL VALUES ('BI50','IT09',4,280000);
INSERT INTO CN1.BILLDETAIL VALUES ('BI50','IT10',8,360000);
INSERT INTO CN1.BILLDETAIL VALUES ('BI50','IT11',2,90000);
INSERT INTO CN1.BILLDETAIL VALUES ('BI50','IT12',7,315000);
INSERT INTO CN1.BILLDETAIL VALUES ('BI50','IT13',6,270000);
INSERT INTO CN1.BILLDETAIL VALUES ('BI50','IT14',2,90000);
INSERT INTO CN1.BILLDETAIL VALUES ('BI50','IT15',5,225000);
INSERT INTO CN1.BILLDETAIL VALUES ('BI50','IT16',2,90000);
INSERT INTO CN1.BILLDETAIL VALUES ('BI50','IT17',5,150000);
INSERT INTO CN1.BILLDETAIL VALUES ('BI50','IT18',9,270000);
INSERT INTO CN1.BILLDETAIL VALUES ('BI50','IT19',3,90000);
INSERT INTO CN1.BILLDETAIL VALUES ('BI51','IT01',13,260000);
INSERT INTO CN1.BILLDETAIL VALUES ('BI51','IT02',1,15000);
INSERT INTO CN1.BILLDETAIL VALUES ('BI51','IT10',10,450000);
INSERT INTO CN1.BILLDETAIL VALUES ('BI52','IT11',14,630000);
INSERT INTO CN1.BILLDETAIL VALUES ('BI52','IT12',2,90000);
INSERT INTO CN1.BILLDETAIL VALUES ('BI53','IT29',11,330000);
INSERT INTO CN1.BILLDETAIL VALUES ('BI53','IT30',6,270000);
INSERT INTO CN1.BILLDETAIL VALUES ('BI53','IT31',3,135000);
INSERT INTO CN1.BILLDETAIL VALUES ('BI54','IT34',6,228000);
INSERT INTO CN1.BILLDETAIL VALUES ('BI54','IT35',8,320000);
INSERT INTO CN1.BILLDETAIL VALUES ('BI54','IT36',9,360000);
INSERT INTO CN1.BILLDETAIL VALUES ('BI55','IT20',13,390000);
INSERT INTO CN1.BILLDETAIL VALUES ('BI55','IT21',1,36000);
INSERT INTO CN1.BILLDETAIL VALUES ('BI55','IT22',6,234000);
INSERT INTO CN1.BILLDETAIL VALUES ('BI56','IT28',14,448000);
INSERT INTO CN1.BILLDETAIL VALUES ('BI56','IT29',6,180000);
INSERT INTO CN1.BILLDETAIL VALUES ('BI56','IT30',3,135000);
INSERT INTO CN1.BILLDETAIL VALUES ('BI57','IT37',7,280000);
INSERT INTO CN1.BILLDETAIL VALUES ('BI57','IT38',6,240000);
INSERT INTO CN1.BILLDETAIL VALUES ('BI57','IT39',7,280000);
INSERT INTO CN1.BILLDETAIL VALUES ('BI57','IT40',6,180000);
INSERT INTO CN1.BILLDETAIL VALUES ('BI57','IT41',7,245000);
INSERT INTO CN1.BILLDETAIL VALUES ('BI58','IT47',6,144000);
INSERT INTO CN1.BILLDETAIL VALUES ('BI58','IT48',5,175000);
INSERT INTO CN1.BILLDETAIL VALUES ('BI58','IT49',11,264000);
INSERT INTO CN1.BILLDETAIL VALUES ('BI58','IT50',2,40000);
INSERT INTO CN1.BILLDETAIL VALUES ('BI59','IT50',6,120000);
INSERT INTO CN1.BILLDETAIL VALUES ('BI59','IT01',5,100000);
INSERT INTO CN1.BILLDETAIL VALUES ('BI59','IT02',3,45000);
INSERT INTO CN1.BILLDETAIL VALUES ('BI59','IT03',2,36000);
INSERT INTO CN1.BILLDETAIL VALUES ('BI59','IT04',8,120000);
INSERT INTO CN1.BILLDETAIL VALUES ('BI59','IT05',2,48000);
INSERT INTO CN1.BILLDETAIL VALUES ('BI60','IT19',7,210000);
INSERT INTO CN1.BILLDETAIL VALUES ('BI60','IT20',1,30000);
INSERT INTO CN1.BILLDETAIL VALUES ('BI60','IT21',2,72000);
INSERT INTO CN1.BILLDETAIL VALUES ('BI60','IT22',4,156000);
INSERT INTO CN1.BILLDETAIL VALUES ('BI60','IT23',62,2418000);
INSERT INTO CN1.BILLDETAIL VALUES ('BI60','IT24',5,195000);
INSERT INTO CN1.BILLDETAIL VALUES ('BI60','IT25',2,78000);
INSERT INTO CN1.BILLDETAIL VALUES ('BI60','IT26',6,180000);
INSERT INTO CN1.BILLDETAIL VALUES ('BI60','IT27',2,70000);
INSERT INTO CN1.BILLDETAIL VALUES ('BI60','IT28',1,32000);
INSERT INTO CN1.BILLDETAIL VALUES ('BI61','IT38',15,600000);
INSERT INTO CN1.BILLDETAIL VALUES ('BI61','IT39',11,440000);
INSERT INTO CN1.BILLDETAIL VALUES ('BI61','IT40',14,420000);
INSERT INTO CN1.BILLDETAIL VALUES ('BI61','IT41',3,105000);
INSERT INTO CN1.BILLDETAIL VALUES ('BI62','IT38',10,400000);
INSERT INTO CN1.BILLDETAIL VALUES ('BI63','IT49',6,144000);
INSERT INTO CN1.BILLDETAIL VALUES ('BI64','IT32',3,114000);
INSERT INTO CN1.BILLDETAIL VALUES ('BI65','IT18',5,150000);
INSERT INTO CN1.BILLDETAIL VALUES ('BI66','IT28',12,384000);
INSERT INTO CN1.BILLDETAIL VALUES ('BI67','IT30',2,90000);
INSERT INTO CN1.BILLDETAIL VALUES ('BI68','IT18',1,30000);
INSERT INTO CN1.BILLDETAIL VALUES ('BI69','IT19',11,330000);
INSERT INTO CN1.BILLDETAIL VALUES ('BI70','IT07',6,192000);
INSERT INTO CN1.BILLDETAIL VALUES ('BI71','IT02',15,225000);
INSERT INTO CN1.BILLDETAIL VALUES ('BI72','IT01',11,220000);
INSERT INTO CN1.BILLDETAIL VALUES ('BI73','IT08',10,340000);
INSERT INTO CN1.BILLDETAIL VALUES ('BI74','IT04',8,120000);
INSERT INTO CN1.BILLDETAIL VALUES ('BI75','IT05',2,48000);
INSERT INTO CN1.BILLDETAIL VALUES ('BI76','IT06',7,196000);
INSERT INTO CN1.BILLDETAIL VALUES ('BI77','IT26',3,90000);
INSERT INTO CN1.BILLDETAIL VALUES ('BI78','IT47',10,240000);
INSERT INTO CN1.BILLDETAIL VALUES ('BI79','IT14',8,360000);
INSERT INTO CN1.BILLDETAIL VALUES ('BI80','IT17',13,390000);
INSERT INTO CN1.BILLDETAIL VALUES ('BI81','IT05',7,168000);
INSERT INTO CN1.BILLDETAIL VALUES ('BI82','IT29',6,180000);
INSERT INTO CN1.BILLDETAIL VALUES ('BI83','IT47',11,264000);
INSERT INTO CN1.BILLDETAIL VALUES ('BI84','IT20',10,300000);
INSERT INTO CN1.BILLDETAIL VALUES ('BI85','IT38',7,280000);
INSERT INTO CN1.BILLDETAIL VALUES ('BI86','IT38',6,240000);
INSERT INTO CN1.BILLDETAIL VALUES ('BI87','IT22',8,312000);
INSERT INTO CN1.BILLDETAIL VALUES ('BI88','IT33',12,456000);
INSERT INTO CN1.BILLDETAIL VALUES ('BI89','IT11',15,675000);
INSERT INTO CN1.BILLDETAIL VALUES ('BI90','IT49',12,288000);
INSERT INTO CN1.BILLDETAIL VALUES ('BI91','IT38',10,400000);
INSERT INTO CN1.BILLDETAIL VALUES ('BI92','IT44',5,120000);
INSERT INTO CN1.BILLDETAIL VALUES ('BI93','IT23',10,390000);
INSERT INTO CN1.BILLDETAIL VALUES ('BI94','IT13',1,45000);
INSERT INTO CN1.BILLDETAIL VALUES ('BI95','IT12',15,675000);
INSERT INTO CN1.BILLDETAIL VALUES ('BI96','IT23',8,312000);
INSERT INTO CN1.BILLDETAIL VALUES ('BI97','IT34',3,114000);
INSERT INTO CN1.BILLDETAIL VALUES ('BI98','IT45',11,198000);
INSERT INTO CN1.BILLDETAIL VALUES ('BI98','IT46',3,120000);
INSERT INTO CN1.BILLDETAIL VALUES ('BI98','IT47',6,144000);
INSERT INTO CN1.BILLDETAIL VALUES ('BI98','IT48',26,910000);
INSERT INTO CN1.BILLDETAIL VALUES ('BI98','IT49',7,168000);
INSERT INTO CN1.BILLDETAIL VALUES ('BI98','IT50',2,40000);
INSERT INTO CN1.BILLDETAIL VALUES ('BI99','IT39',13,520000);
INSERT INTO CN1.BILLDETAIL VALUES ('BI99','IT40',7,210000);
INSERT INTO CN1.BILLDETAIL VALUES ('BI99','IT41',3,105000);
INSERT INTO CN1.BILLDETAIL VALUES ('BI99','IT42',9,216000);
INSERT INTO CN1.BILLDETAIL VALUES ('BI99','IT43',11,264000);
INSERT INTO CN1.BILLDETAIL VALUES ('BI200','IT01',13,260000);
INSERT INTO CN1.BILLDETAIL VALUES ('BI200','IT02',1,15000);
INSERT INTO CN1.BILLDETAIL VALUES ('BI200','IT10',10,450000);
INSERT INTO CN1.BILLDETAIL VALUES ('BI201','IT11',14,630000);
INSERT INTO CN1.BILLDETAIL VALUES ('BI201','IT12',2,90000);
INSERT INTO CN1.BILLDETAIL VALUES ('BI202','IT29',11,330000);
INSERT INTO CN1.BILLDETAIL VALUES ('BI202','IT30',6,270000);
INSERT INTO CN1.BILLDETAIL VALUES ('BI202','IT31',3,135000);
INSERT INTO CN1.BILLDETAIL VALUES ('BI203','IT34',6,228000);
INSERT INTO CN1.BILLDETAIL VALUES ('BI203','IT35',8,320000);
INSERT INTO CN1.BILLDETAIL VALUES ('BI203','IT36',9,360000);
INSERT INTO CN1.BILLDETAIL VALUES ('BI204','IT20',13,390000);
INSERT INTO CN1.BILLDETAIL VALUES ('BI204','IT21',1,36000);
INSERT INTO CN1.BILLDETAIL VALUES ('BI204','IT22',6,234000);
INSERT INTO CN1.BILLDETAIL VALUES ('BI205','IT28',14,448000);
INSERT INTO CN1.BILLDETAIL VALUES ('BI205','IT29',6,180000);
INSERT INTO CN1.BILLDETAIL VALUES ('BI205','IT30',3,135000);
INSERT INTO CN1.BILLDETAIL VALUES ('BI206','IT37',7,280000);
INSERT INTO CN1.BILLDETAIL VALUES ('BI206','IT38',6,240000);
INSERT INTO CN1.BILLDETAIL VALUES ('BI206','IT39',7,280000);
INSERT INTO CN1.BILLDETAIL VALUES ('BI206','IT40',6,180000);
INSERT INTO CN1.BILLDETAIL VALUES ('BI206','IT41',7,245000);
INSERT INTO CN1.BILLDETAIL VALUES ('BI207','IT47',6,144000);
INSERT INTO CN1.BILLDETAIL VALUES ('BI207','IT48',5,175000);
INSERT INTO CN1.BILLDETAIL VALUES ('BI207','IT49',11,264000);
INSERT INTO CN1.BILLDETAIL VALUES ('BI207','IT50',2,40000);
INSERT INTO CN1.BILLDETAIL VALUES ('BI208','IT50',6,120000);
INSERT INTO CN1.BILLDETAIL VALUES ('BI208','IT01',5,100000);
INSERT INTO CN1.BILLDETAIL VALUES ('BI208','IT02',3,45000);
INSERT INTO CN1.BILLDETAIL VALUES ('BI208','IT03',2,36000);
INSERT INTO CN1.BILLDETAIL VALUES ('BI208','IT04',8,120000);
INSERT INTO CN1.BILLDETAIL VALUES ('BI208','IT05',2,48000);
INSERT INTO CN1.BILLDETAIL VALUES ('BI209','IT19',7,210000);
INSERT INTO CN1.BILLDETAIL VALUES ('BI209','IT20',1,30000);
INSERT INTO CN1.BILLDETAIL VALUES ('BI209','IT21',2,72000);
INSERT INTO CN1.BILLDETAIL VALUES ('BI209','IT22',4,156000);
INSERT INTO CN1.BILLDETAIL VALUES ('BI209','IT23',62,2418000);
INSERT INTO CN1.BILLDETAIL VALUES ('BI209','IT24',5,195000);
INSERT INTO CN1.BILLDETAIL VALUES ('BI209','IT25',2,78000);
INSERT INTO CN1.BILLDETAIL VALUES ('BI209','IT26',6,180000);
INSERT INTO CN1.BILLDETAIL VALUES ('BI209','IT27',2,70000);
INSERT INTO CN1.BILLDETAIL VALUES ('BI209','IT28',1,32000);
INSERT INTO CN1.BILLDETAIL VALUES ('BI210','IT38',15,600000);
INSERT INTO CN1.BILLDETAIL VALUES ('BI210','IT39',11,440000);
INSERT INTO CN1.BILLDETAIL VALUES ('BI210','IT40',14,420000);
INSERT INTO CN1.BILLDETAIL VALUES ('BI210','IT41',3,105000);
INSERT INTO CN1.BILLDETAIL VALUES ('BI211','IT38',10,400000);
INSERT INTO CN1.BILLDETAIL VALUES ('BI212','IT49',6,144000);
INSERT INTO CN1.BILLDETAIL VALUES ('BI213','IT32',3,114000);
INSERT INTO CN1.BILLDETAIL VALUES ('BI214','IT18',5,150000);
INSERT INTO CN1.BILLDETAIL VALUES ('BI215','IT28',12,384000);
INSERT INTO CN1.BILLDETAIL VALUES ('BI216','IT30',2,90000);
INSERT INTO CN1.BILLDETAIL VALUES ('BI217','IT18',1,30000);
INSERT INTO CN1.BILLDETAIL VALUES ('BI218','IT19',11,330000);
INSERT INTO CN1.BILLDETAIL VALUES ('BI219','IT07',6,192000);
INSERT INTO CN1.BILLDETAIL VALUES ('BI220','IT02',15,225000);
INSERT INTO CN1.BILLDETAIL VALUES ('BI221','IT01',11,220000);
INSERT INTO CN1.BILLDETAIL VALUES ('BI222','IT08',10,340000);
INSERT INTO CN1.BILLDETAIL VALUES ('BI223','IT04',8,120000);
INSERT INTO CN1.BILLDETAIL VALUES ('BI224','IT05',2,48000);
INSERT INTO CN1.BILLDETAIL VALUES ('BI225','IT06',7,196000);
INSERT INTO CN1.BILLDETAIL VALUES ('BI226','IT26',3,90000);
INSERT INTO CN1.BILLDETAIL VALUES ('BI227','IT47',10,240000);
INSERT INTO CN1.BILLDETAIL VALUES ('BI228','IT14',8,360000);
INSERT INTO CN1.BILLDETAIL VALUES ('BI229','IT17',13,390000);
INSERT INTO CN1.BILLDETAIL VALUES ('BI230','IT05',7,168000);
INSERT INTO CN1.BILLDETAIL VALUES ('BI231','IT29',6,180000);
INSERT INTO CN1.BILLDETAIL VALUES ('BI232','IT47',11,264000);
INSERT INTO CN1.BILLDETAIL VALUES ('BI233','IT20',10,300000);
INSERT INTO CN1.BILLDETAIL VALUES ('BI234','IT38',7,280000);
INSERT INTO CN1.BILLDETAIL VALUES ('BI235','IT38',6,240000);
INSERT INTO CN1.BILLDETAIL VALUES ('BI236','IT22',8,312000);
INSERT INTO CN1.BILLDETAIL VALUES ('BI237','IT33',12,456000);
INSERT INTO CN1.BILLDETAIL VALUES ('BI238','IT11',15,675000);
INSERT INTO CN1.BILLDETAIL VALUES ('BI239','IT49',12,288000);
INSERT INTO CN1.BILLDETAIL VALUES ('BI240','IT38',10,400000);
INSERT INTO CN1.BILLDETAIL VALUES ('BI241','IT44',5,120000);
INSERT INTO CN1.BILLDETAIL VALUES ('BI242','IT23',10,390000);
INSERT INTO CN1.BILLDETAIL VALUES ('BI243','IT13',1,45000);
INSERT INTO CN1.BILLDETAIL VALUES ('BI244','IT12',15,675000);
INSERT INTO CN1.BILLDETAIL VALUES ('BI245','IT23',8,312000);
INSERT INTO CN1.BILLDETAIL VALUES ('BI246','IT34',3,114000);
INSERT INTO CN1.BILLDETAIL VALUES ('BI247','IT45',11,198000);
INSERT INTO CN1.BILLDETAIL VALUES ('BI247','IT46',3,120000);
INSERT INTO CN1.BILLDETAIL VALUES ('BI247','IT47',6,144000);
INSERT INTO CN1.BILLDETAIL VALUES ('BI247','IT48',26,910000);
INSERT INTO CN1.BILLDETAIL VALUES ('BI247','IT49',7,168000);
INSERT INTO CN1.BILLDETAIL VALUES ('BI247','IT50',2,40000);
INSERT INTO CN1.BILLDETAIL VALUES ('BI248','IT39',13,520000);
INSERT INTO CN1.BILLDETAIL VALUES ('BI248','IT40',7,210000);
INSERT INTO CN1.BILLDETAIL VALUES ('BI248','IT41',3,105000);
INSERT INTO CN1.BILLDETAIL VALUES ('BI248','IT42',9,216000);
INSERT INTO CN1.BILLDETAIL VALUES ('BI248','IT43',11,264000);
INSERT INTO CN1.BILLDETAIL VALUES ('BI249','IT07',8,256000);
INSERT INTO CN1.BILLDETAIL VALUES ('BI249','IT08',3,102000);
INSERT INTO CN1.BILLDETAIL VALUES ('BI249','IT09',4,280000);
INSERT INTO CN1.BILLDETAIL VALUES ('BI249','IT10',8,360000);
INSERT INTO CN1.BILLDETAIL VALUES ('BI249','IT11',2,90000);
INSERT INTO CN1.BILLDETAIL VALUES ('BI249','IT12',7,315000);
INSERT INTO CN1.BILLDETAIL VALUES ('BI249','IT13',6,270000);
INSERT INTO CN1.BILLDETAIL VALUES ('BI249','IT14',2,90000);
INSERT INTO CN1.BILLDETAIL VALUES ('BI249','IT15',5,225000);
INSERT INTO CN1.BILLDETAIL VALUES ('BI249','IT16',2,90000);
INSERT INTO CN1.BILLDETAIL VALUES ('BI249','IT17',5,150000);
INSERT INTO CN1.BILLDETAIL VALUES ('BI249','IT18',9,270000);
INSERT INTO CN1.BILLDETAIL VALUES ('BI249','IT19',3,90000);
INSERT INTO CN1.BILLDETAIL VALUES ('BI250','IT01',13,260000);
INSERT INTO CN1.BILLDETAIL VALUES ('BI250','IT02',1,15000);
INSERT INTO CN1.BILLDETAIL VALUES ('BI250','IT10',10,450000);
INSERT INTO CN1.BILLDETAIL VALUES ('BI251','IT11',14,630000);
INSERT INTO CN1.BILLDETAIL VALUES ('BI251','IT12',2,90000);
INSERT INTO CN1.BILLDETAIL VALUES ('BI252','IT29',11,330000);
INSERT INTO CN1.BILLDETAIL VALUES ('BI252','IT30',6,270000);
INSERT INTO CN1.BILLDETAIL VALUES ('BI252','IT31',3,135000);
INSERT INTO CN1.BILLDETAIL VALUES ('BI253','IT34',6,228000);
INSERT INTO CN1.BILLDETAIL VALUES ('BI253','IT35',8,320000);
INSERT INTO CN1.BILLDETAIL VALUES ('BI253','IT36',9,360000);
INSERT INTO CN1.BILLDETAIL VALUES ('BI254','IT20',13,390000);
INSERT INTO CN1.BILLDETAIL VALUES ('BI254','IT21',1,36000);
INSERT INTO CN1.BILLDETAIL VALUES ('BI254','IT22',6,234000);
INSERT INTO CN1.BILLDETAIL VALUES ('BI255','IT28',14,448000);
INSERT INTO CN1.BILLDETAIL VALUES ('BI255','IT29',6,180000);
INSERT INTO CN1.BILLDETAIL VALUES ('BI255','IT30',3,135000);
INSERT INTO CN1.BILLDETAIL VALUES ('BI256','IT37',7,280000);
INSERT INTO CN1.BILLDETAIL VALUES ('BI256','IT38',6,240000);
INSERT INTO CN1.BILLDETAIL VALUES ('BI256','IT39',7,280000);
INSERT INTO CN1.BILLDETAIL VALUES ('BI256','IT40',6,180000);
INSERT INTO CN1.BILLDETAIL VALUES ('BI256','IT41',7,245000);
INSERT INTO CN1.BILLDETAIL VALUES ('BI257','IT47',6,144000);
INSERT INTO CN1.BILLDETAIL VALUES ('BI257','IT48',5,175000);
INSERT INTO CN1.BILLDETAIL VALUES ('BI257','IT49',11,264000);
INSERT INTO CN1.BILLDETAIL VALUES ('BI257','IT50',2,40000);
INSERT INTO CN1.BILLDETAIL VALUES ('BI258','IT50',6,120000);
INSERT INTO CN1.BILLDETAIL VALUES ('BI258','IT01',5,100000);
INSERT INTO CN1.BILLDETAIL VALUES ('BI258','IT02',3,45000);
INSERT INTO CN1.BILLDETAIL VALUES ('BI258','IT03',2,36000);
INSERT INTO CN1.BILLDETAIL VALUES ('BI258','IT04',8,120000);
INSERT INTO CN1.BILLDETAIL VALUES ('BI258','IT05',2,48000);
INSERT INTO CN1.BILLDETAIL VALUES ('BI259','IT19',7,210000);
INSERT INTO CN1.BILLDETAIL VALUES ('BI259','IT20',1,30000);
INSERT INTO CN1.BILLDETAIL VALUES ('BI259','IT21',2,72000);
INSERT INTO CN1.BILLDETAIL VALUES ('BI259','IT22',4,156000);
INSERT INTO CN1.BILLDETAIL VALUES ('BI259','IT23',62,2418000);
INSERT INTO CN1.BILLDETAIL VALUES ('BI259','IT24',5,195000);
INSERT INTO CN1.BILLDETAIL VALUES ('BI259','IT25',2,78000);
INSERT INTO CN1.BILLDETAIL VALUES ('BI259','IT26',6,180000);
INSERT INTO CN1.BILLDETAIL VALUES ('BI259','IT27',2,70000);
INSERT INTO CN1.BILLDETAIL VALUES ('BI259','IT28',1,32000);
INSERT INTO CN1.BILLDETAIL VALUES ('BI260','IT38',15,600000);
INSERT INTO CN1.BILLDETAIL VALUES ('BI260','IT39',11,440000);
INSERT INTO CN1.BILLDETAIL VALUES ('BI260','IT40',14,420000);
INSERT INTO CN1.BILLDETAIL VALUES ('BI260','IT41',3,105000);
INSERT INTO CN1.BILLDETAIL VALUES ('BI261','IT38',10,400000);
INSERT INTO CN1.BILLDETAIL VALUES ('BI262','IT49',6,144000);
INSERT INTO CN1.BILLDETAIL VALUES ('BI263','IT32',3,114000);
INSERT INTO CN1.BILLDETAIL VALUES ('BI264','IT18',5,150000);
INSERT INTO CN1.BILLDETAIL VALUES ('BI265','IT28',12,384000);
INSERT INTO CN1.BILLDETAIL VALUES ('BI266','IT30',2,90000);
INSERT INTO CN1.BILLDETAIL VALUES ('BI267','IT18',1,30000);
INSERT INTO CN1.BILLDETAIL VALUES ('BI268','IT19',11,330000);
INSERT INTO CN1.BILLDETAIL VALUES ('BI269','IT07',6,192000);
INSERT INTO CN1.BILLDETAIL VALUES ('BI270','IT02',15,225000);
INSERT INTO CN1.BILLDETAIL VALUES ('BI271','IT01',11,220000);
INSERT INTO CN1.BILLDETAIL VALUES ('BI272','IT08',10,340000);
INSERT INTO CN1.BILLDETAIL VALUES ('BI273','IT04',8,120000);
INSERT INTO CN1.BILLDETAIL VALUES ('BI274','IT05',2,48000);
INSERT INTO CN1.BILLDETAIL VALUES ('BI275','IT06',7,196000);
INSERT INTO CN1.BILLDETAIL VALUES ('BI276','IT26',3,90000);
INSERT INTO CN1.BILLDETAIL VALUES ('BI277','IT47',10,240000);
INSERT INTO CN1.BILLDETAIL VALUES ('BI278','IT14',8,360000);
INSERT INTO CN1.BILLDETAIL VALUES ('BI279','IT17',13,390000);
INSERT INTO CN1.BILLDETAIL VALUES ('BI280','IT05',7,168000);
INSERT INTO CN1.BILLDETAIL VALUES ('BI281','IT29',6,180000);
INSERT INTO CN1.BILLDETAIL VALUES ('BI282','IT47',11,264000);
INSERT INTO CN1.BILLDETAIL VALUES ('BI283','IT20',10,300000);
INSERT INTO CN1.BILLDETAIL VALUES ('BI284','IT38',7,280000);
INSERT INTO CN1.BILLDETAIL VALUES ('BI285','IT38',6,240000);
INSERT INTO CN1.BILLDETAIL VALUES ('BI286','IT22',8,312000);
INSERT INTO CN1.BILLDETAIL VALUES ('BI287','IT33',12,456000);
INSERT INTO CN1.BILLDETAIL VALUES ('BI288','IT11',15,675000);
INSERT INTO CN1.BILLDETAIL VALUES ('BI289','IT49',12,288000);
INSERT INTO CN1.BILLDETAIL VALUES ('BI290','IT38',10,400000);
INSERT INTO CN1.BILLDETAIL VALUES ('BI291','IT44',5,120000);
INSERT INTO CN1.BILLDETAIL VALUES ('BI292','IT23',10,390000);
INSERT INTO CN1.BILLDETAIL VALUES ('BI293','IT13',1,45000);
INSERT INTO CN1.BILLDETAIL VALUES ('BI294','IT12',15,675000);
INSERT INTO CN1.BILLDETAIL VALUES ('BI295','IT23',8,312000);
INSERT INTO CN1.BILLDETAIL VALUES ('BI296','IT34',3,114000);
INSERT INTO CN1.BILLDETAIL VALUES ('BI297','IT45',11,198000);
INSERT INTO CN1.BILLDETAIL VALUES ('BI297','IT46',3,120000);
INSERT INTO CN1.BILLDETAIL VALUES ('BI297','IT47',6,144000);
INSERT INTO CN1.BILLDETAIL VALUES ('BI297','IT48',26,910000);
INSERT INTO CN1.BILLDETAIL VALUES ('BI297','IT49',7,168000);
INSERT INTO CN1.BILLDETAIL VALUES ('BI297','IT50',2,40000);
INSERT INTO CN1.BILLDETAIL VALUES ('BI298','IT39',13,520000);
INSERT INTO CN1.BILLDETAIL VALUES ('BI298','IT40',7,210000);
INSERT INTO CN1.BILLDETAIL VALUES ('BI298','IT41',3,105000);
INSERT INTO CN1.BILLDETAIL VALUES ('BI298','IT42',9,216000);
INSERT INTO CN1.BILLDETAIL VALUES ('BI298','IT43',11,264000);
INSERT INTO CN1.BILLDETAIL VALUES ('BI299','IT07',8,256000);
INSERT INTO CN1.BILLDETAIL VALUES ('BI299','IT08',3,102000);
INSERT INTO CN1.BILLDETAIL VALUES ('BI299','IT09',4,280000);
INSERT INTO CN1.BILLDETAIL VALUES ('BI299','IT10',8,360000);
INSERT INTO CN1.BILLDETAIL VALUES ('BI299','IT11',2,90000);
INSERT INTO CN1.BILLDETAIL VALUES ('BI299','IT12',7,315000);
INSERT INTO CN1.BILLDETAIL VALUES ('BI299','IT13',6,270000);
INSERT INTO CN1.BILLDETAIL VALUES ('BI299','IT14',2,90000);
INSERT INTO CN1.BILLDETAIL VALUES ('BI299','IT15',5,225000);
INSERT INTO CN1.BILLDETAIL VALUES ('BI299','IT16',2,90000);
INSERT INTO CN1.BILLDETAIL VALUES ('BI299','IT17',5,150000);
INSERT INTO CN1.BILLDETAIL VALUES ('BI299','IT18',9,270000);
INSERT INTO CN1.BILLDETAIL VALUES ('BI299','IT19',3,90000);
COMMIT;
-- Kiem tra du lieu da duoc nhap day du chua
SELECT * FROM CN1.BILLDETAIL;
SELECT * FROM CN1.BILL;
SELECT * FROM CN1.CUSTOMER_MANAGER;
SELECT * FROM CN1.CUSTOMER_STAFF;
SELECT * FROM CN1.ITEM;
SELECT * FROM CN1.ITEMMANAGE_MANAGER;
SELECT * FROM CN1.ITEMMANAGE_STAFF;
SELECT * FROM CN1.BRANCH;
SELECT * FROM CN1.EMPLOYEE;