--------------------- TAI CHI NHANH 1 (M01)---------------------------
CONNECT CN2/CN2; -- USER TAO BANG VA INSERT DU LIEU CUA CHI NHANH 1

-- SETTING TABLES
--
--

-- Setting table CN2.BRANCH (Phan manh ngang)
CREATE TABLE CN2.BRANCH (
    BranchID VARCHAR2(5) NOT NULL,
    BranchName VARCHAR2(50) NOT NULL,
    BranchAddress VARCHAR2(100) NULL,
    BranchPhone VARCHAR2(10) NULL,
    CONSTRAINT PK_BRANCH PRIMARY KEY (BranchID)
);

-- Setting table CN2.EMPLOYEE (Phan manh ngang dan xuat)
CREATE TABLE CN2.EMPLOYEE (
    EmployeeID VARCHAR2(5) NOT NULL,
    EmployeeName VARCHAR2(50) NOT NULL,
    Birthday DATE NULL,
    PhoneNumber VARCHAR2(10) NULL,
    EmployeeAddress VARCHAR2(50) NULL,
    BranchID VARCHAR2(5) NOT NULL,
    CONSTRAINT PK_EMPLOYEE PRIMARY KEY (EmployeeID)
);

-- Setting table CN2.CUSTOMER_STAFF
CREATE TABLE CN2.CUSTOMER_STAFF (
    CustomerID VARCHAR2(5) NOT NULL,
    CustomerName VARCHAR2(50) NOT NULL,
    PhoneNumber VARCHAR2(10) NULL,
    CustomerAddress VARCHAR2(50) NULL,
    Birthday DATE NULL,
    CustomerType VARCHAR2(25) NULL,
    CONSTRAINT PK_CUSTOMERSTAFF PRIMARY KEY (CustomerID)
);

-- Setting table CN2.CUSTOMER_MANAGER
CREATE TABLE CN2.CUSTOMER_MANAGER (
    CustomerID VARCHAR2(5) NOT NULL,
    CumulativeTotal NUMBER,
    CONSTRAINT PK_CUSTOMERMANAGER PRIMARY KEY (CustomerID)
);

-- Setting table CN2.ITEM (Replication) 
CREATE TABLE CN2.ITEM (
    ItemID VARCHAR2(5) NOT NULL,
    ItemName VARCHAR2(50) NOT NULL,
    ItemType VARCHAR2(50) NULL,
    SalePrice NUMBER NULL,
    CONSTRAINT PK_ITEM PRIMARY KEY (ItemID)
);

-- Setting table CN2.ITEMMANAGE_MANAGER (Phan manh doc khong du thua tu bang MANAGEITEM) 
CREATE TABLE CN2.ITEMMANAGE_MANAGER (
    BranchID VARCHAR2(5) NOT NULL,
    ItemID VARCHAR2(5) NOT NULL,
    SaleStatus VARCHAR2(25) NULL,
    Discount NUMBER NULL,
    CONSTRAINT PK_ITEMMANAGER PRIMARY KEY (BranchID, ItemID)
);

-- Setting table CN2.ITEMMANAGE_STAFF (Phan manh doc khong du thua tu bang MANAGEITEM) 
CREATE TABLE CN2.ITEMMANAGE_STAFF (
    BranchID VARCHAR2(5) NOT NULL,
    ItemID VARCHAR2(5) NOT NULL,
    ServingTime VARCHAR2(25) NULL,
    Availability NUMBER NULL,
    CONSTRAINT PK_ITEMSTAFF PRIMARY KEY (BranchID, ItemID)
);

-- Setting table CN2.BILL (Phan manh ngang dan xuat)
CREATE TABLE CN2.BILL (
    BillID VARCHAR2(5) NOT NULL,
    BillDate DATE NOT NULL,
    CustomerID VARCHAR2(5) NOT NULL,
    EmployeeID VARCHAR2(5) NOT NULL,
    Total NUMBER NULL,
    CONSTRAINT PK_BILL PRIMARY KEY (BillID)
);

-- Setting table CN2.BILLDETAIL 
CREATE TABLE CN2.BILLDETAIL (
    BillID VARCHAR2(5) NOT NULL,
    ItemID VARCHAR2(5) NOT NULL,
    Quantity NUMBER NULL,
    SubTotal NUMBER NULL,
    CONSTRAINT PK_BILLDETAIL PRIMARY KEY (BillID, ItemID)
);
COMMIT;

-- SETTING FOREIGN KEYS
--
--
ALTER TABLE CN2.EMPLOYEE
ADD CONSTRAINT FK_EMPLOYEE_BRANCH FOREIGN KEY (BranchID) REFERENCES CN2.BRANCH(BranchID);

ALTER TABLE CN2.BILL
ADD CONSTRAINT FK_BILL_CUSTOMER FOREIGN KEY (CustomerID) REFERENCES CN2.CUSTOMER_STAFF(CustomerID);

ALTER TABLE CN2.BILL
ADD CONSTRAINT FK_BILL_EMPLOYEE FOREIGN KEY (EmployeeID) REFERENCES CN2.EMPLOYEE(EmployeeID);

ALTER TABLE CN2.BILLDETAIL
ADD CONSTRAINT FK_BILLDETAIL_BILL FOREIGN KEY (BillID) REFERENCES CN2.BILL(BillID);

ALTER TABLE CN2.BILLDETAIL
ADD CONSTRAINT FK_BILLDETAIL_ITEM FOREIGN KEY (ItemID) REFERENCES CN2.ITEM(ItemID);

ALTER TABLE CN2.ITEMMANAGE_MANAGER
ADD CONSTRAINT FK_ITEMMANAGER_BRANCH FOREIGN KEY (BranchID) REFERENCES CN2.BRANCH(BranchID);

ALTER TABLE CN2.ITEMMANAGE_MANAGER
ADD CONSTRAINT FK_ITEMMANAGER_ITEM FOREIGN KEY (ItemID) REFERENCES CN2.ITEM(ItemID);

ALTER TABLE CN2.ITEMMANAGE_STAFF
ADD CONSTRAINT FK_ITEMSTAFF_BRANCH FOREIGN KEY (BranchID) REFERENCES CN2.BRANCH(BranchID);

ALTER TABLE CN2.ITEMMANAGE_STAFF
ADD CONSTRAINT FK_ITEMSTAFF_ITEM FOREIGN KEY (ItemID) REFERENCES CN2.ITEM(ItemID);
COMMIT;
-- INSERT DATA
--
--

-- Date format
ALTER SESSION SET NLS_DATE_FORMAT =' DD/MM/YYYY ';

-- Insert into CN2.BRANCH 
INSERT INTO CN2.BRANCH VALUES ('BR02','Nguyen Du','53G Nguyen Du, Phuong Ben Nghe, Quan 1','0979159599');
COMMIT;
-- Insert to CN2.ITEM
INSERT INTO CN2.ITEM VALUES ('IT01','Sinh To Dau','Sinh To',20000);
INSERT INTO CN2.ITEM VALUES ('IT02','Sinh To Bo','Sinh To',15000);
INSERT INTO CN2.ITEM VALUES ('IT03','Sinh To Mang Cau','Sinh To',18000);
INSERT INTO CN2.ITEM VALUES ('IT04','Sinh To Sapoche','Sinh To',15000);
INSERT INTO CN2.ITEM VALUES ('IT05','Ca Phe Den Nong/Da','Ca Phe Pha Phin',24000);
INSERT INTO CN2.ITEM VALUES ('IT06','Ca Phe Nau Nong/Da','Ca Phe Pha Phin',28000);
INSERT INTO CN2.ITEM VALUES ('IT07','Ca Phe Sua Tuoi Nong/Da','Ca Phe Pha Phin',32000);
INSERT INTO CN2.ITEM VALUES ('IT08','Ca Phe Sua Bac Ha','Ca Phe Pha Phin',34000);
INSERT INTO CN2.ITEM VALUES ('IT09','Ca Phe Trung','Ca Phe Pha Phin',70000);
INSERT INTO CN2.ITEM VALUES ('IT10','Latte Macchiato','Ca Phe Italy',45000);
INSERT INTO CN2.ITEM VALUES ('IT11','Cappuccino','Ca Phe Italy',45000);
INSERT INTO CN2.ITEM VALUES ('IT12','Caffé Latte','Ca Phe Italy',45000);
INSERT INTO CN2.ITEM VALUES ('IT13','Mocaccino','Ca Phe Italy',45000);
INSERT INTO CN2.ITEM VALUES ('IT14','Ristretto','Ca Phe Italy',45000);
INSERT INTO CN2.ITEM VALUES ('IT15','Espresso','Ca Phe Italy',45000);
INSERT INTO CN2.ITEM VALUES ('IT16','Lungo Espresso','Ca Phe Italy',45000);
INSERT INTO CN2.ITEM VALUES ('IT17','Tra Gao Nau','Tra',30000);
INSERT INTO CN2.ITEM VALUES ('IT18','Tra Dau','Tra',30000);
INSERT INTO CN2.ITEM VALUES ('IT19','Tra Hoa Luc Tra','Tra',30000);
INSERT INTO CN2.ITEM VALUES ('IT20','Tra Bi Dao','Tra',30000);
INSERT INTO CN2.ITEM VALUES ('IT21','Tra Vai','Tra',36000);
INSERT INTO CN2.ITEM VALUES ('IT22','Tra Mat Ong','Tra',39000);
INSERT INTO CN2.ITEM VALUES ('IT23','Tra Alisan','Tra',39000);
INSERT INTO CN2.ITEM VALUES ('IT24','Tra Oolong','Tra',39000);
INSERT INTO CN2.ITEM VALUES ('IT25','Tra Den','Tra',39000);
INSERT INTO CN2.ITEM VALUES ('IT26','Yogurt Blueberry','Da Xay',30000);
INSERT INTO CN2.ITEM VALUES ('IT27','Choco Caramel','Da Xay',35000);
INSERT INTO CN2.ITEM VALUES ('IT28','Matcha','Da Xay',32000);
INSERT INTO CN2.ITEM VALUES ('IT29','Tra Sua Gao Nau','Da Xay',30000);
INSERT INTO CN2.ITEM VALUES ('IT30','Tra Sua Okinawa Coffee','Da Xay',45000);
INSERT INTO CN2.ITEM VALUES ('IT31','Tra Sua Okinawa Oreo Cream','Da Xay',45000);
INSERT INTO CN2.ITEM VALUES ('IT32','Tra Sua Hokkaido','Tra Sua',38000);
INSERT INTO CN2.ITEM VALUES ('IT33','Tra Sua Earl Grey','Tra Sua',38000);
INSERT INTO CN2.ITEM VALUES ('IT34','Tra Sua Hazelnut','Tra Sua',38000);
INSERT INTO CN2.ITEM VALUES ('IT35','Tra Sua Hokkaido','Tra Sua',40000);
INSERT INTO CN2.ITEM VALUES ('IT36','Tra Sua Earl Grey','Tra Sua',40000);
INSERT INTO CN2.ITEM VALUES ('IT37','Tra Sua Hazelnut','Tra Sua',40000);
INSERT INTO CN2.ITEM VALUES ('IT38','Tra Sua Oreo','Tra Sua',40000);
INSERT INTO CN2.ITEM VALUES ('IT39','Tra Sua Panna Cotta','Tra Sua',40000);
INSERT INTO CN2.ITEM VALUES ('IT40','Tra Sua Hoa Dau Biec','Tra Sua',30000);
INSERT INTO CN2.ITEM VALUES ('IT41','Tra Sua Chocolate Cake Cream','Tra Sua',35000);
INSERT INTO CN2.ITEM VALUES ('IT42','Tiramisu','Banh Ngot',24000);
INSERT INTO CN2.ITEM VALUES ('IT43','Oreo Cheesecake','Banh Ngot',24000);
INSERT INTO CN2.ITEM VALUES ('IT44','Brownie Cookies Ice Cream','Banh Ngot',24000);
INSERT INTO CN2.ITEM VALUES ('IT45','Caramel Macchiato Chocomallow','Banh Ngot',18000);
INSERT INTO CN2.ITEM VALUES ('IT46','Mini Cookies','Banh Ngot',40000);
INSERT INTO CN2.ITEM VALUES ('IT47','Soft Chocolate Chips Cookies','Banh Ngot',24000);
INSERT INTO CN2.ITEM VALUES ('IT48','Cream Puffs','Banh Ngot',35000);
INSERT INTO CN2.ITEM VALUES ('IT49','Avocado Panna Cotta Tart','Banh Ngot',24000);
INSERT INTO CN2.ITEM VALUES ('IT50','Cupcakes','Banh Ngot',20000);
COMMIT;
-- Insert to CN2.CUSTOMER_STAFF
INSERT INTO CN2.CUSTOMER_STAFF VALUES ('CU01','Bui Ngoc Bao Thy','0375130491','Ho Chi Minh',to_date('28/06/2000','dd/mm/yyyy'),'Stardard');
INSERT INTO CN2.CUSTOMER_STAFF VALUES ('CU02','Vo Ngoc Hoai Thuong','0901006848','Binh Dinh',to_date('07/06/2001','dd/mm/yyyy'),'Stardard');
INSERT INTO CN2.CUSTOMER_STAFF VALUES ('CU03','Nguyen Ngoc Hai Yen','0931127827','Ho Chi Minh',to_date('19/08/1998','dd/mm/yyyy'),'Stardard');
INSERT INTO CN2.CUSTOMER_STAFF VALUES ('CU04','Nguyen Huu Khac Phuc','0931199244','Quang Nam',to_date('28/06/2001','dd/mm/yyyy'),'Stardard');
INSERT INTO CN2.CUSTOMER_STAFF VALUES ('CU05','Nguyen Ba Hoc','0931199844','Da Lat',to_date('08/07/2000','dd/mm/yyyy'),'Stardard');
INSERT INTO CN2.CUSTOMER_STAFF VALUES ('CU06','Cao Huy','0901006025','Sa Pa',to_date('18/12/2004','dd/mm/yyyy'),'Stardard');
INSERT INTO CN2.CUSTOMER_STAFF VALUES ('CU07','Ngo Le Thao Dung','0931900611','Nha Trang',to_date('12/12/2005','dd/mm/yyyy'),'Stardard');
INSERT INTO CN2.CUSTOMER_STAFF VALUES ('CU08','Nguyen Minh Toan','0904391156','Ha Noi',to_date('12/12/2005','dd/mm/yyyy'),'Stardard');
INSERT INTO CN2.CUSTOMER_STAFF VALUES ('CU09','Le Huu Nhat Khoa','0375130491','Quang Nam',to_date('02/08/1990','dd/mm/yyyy'),'Member');
INSERT INTO CN2.CUSTOMER_STAFF VALUES ('CU10','Nguyen Trong Kien','0901006848','Gia Lai',to_date('23/09/1997','dd/mm/yyyy'),'VIP');
INSERT INTO CN2.CUSTOMER_STAFF VALUES ('CU11','Nguyen Hieu Kien','0931127827','Vung Tau',to_date('23/01/2001','dd/mm/yyyy'),'Stardard');
INSERT INTO CN2.CUSTOMER_STAFF VALUES ('CU12','Nguyen Bich Tram','0931199244','Nghe An',to_date('29/03/1999','dd/mm/yyyy'),'Stardard');
INSERT INTO CN2.CUSTOMER_STAFF VALUES ('CU13','Do Hong Dung','0931199844','Dak Lak',to_date('09/07/2000','dd/mm/yyyy'),'Stardard');
INSERT INTO CN2.CUSTOMER_STAFF VALUES ('CU14','Hoang Hanh Nguyen','0901006025','Da Lat',to_date('31/12/2001','dd/mm/yyyy'),'Stardard');
INSERT INTO CN2.CUSTOMER_STAFF VALUES ('CU15','Pham Duy Ngoc Tram','0931900611','Long An',to_date('05/10/1998','dd/mm/yyyy'),'Stardard');
INSERT INTO CN2.CUSTOMER_STAFF VALUES ('CU16','Nguyen Ngoc Thao Nhi','0904391156','Hai Phong',to_date('06/07/2003','dd/mm/yyyy'),'Stardard');
INSERT INTO CN2.CUSTOMER_STAFF VALUES ('CU17','Do Nguyen Lam','0375130491','Ho Chi Minh',to_date('17/05/1997','dd/mm/yyyy'),'Stardard');
INSERT INTO CN2.CUSTOMER_STAFF VALUES ('CU18','Vu Nhat Linh','0901006848','Lam Dong',to_date('23/09/1990','dd/mm/yyyy'),'Stardard');
INSERT INTO CN2.CUSTOMER_STAFF VALUES ('CU19','Nguyen Thao Huong','0931127827','Bien Hoa',to_date('27/08/1991','dd/mm/yyyy'),'VIP');
INSERT INTO CN2.CUSTOMER_STAFF VALUES ('CU20','Nguyen Thi Ngoc Mai','0931199244','Binh Dinh',to_date('04/04/1992','dd/mm/yyyy'),'Stardard');
INSERT INTO CN2.CUSTOMER_STAFF VALUES ('CU21','Nguyen Ngan Thi','0931199844','Binh Phuoc',to_date('06/09/1993','dd/mm/yyyy'),'Member ');
INSERT INTO CN2.CUSTOMER_STAFF VALUES ('CU22','Nguyen Ngoc Phuong Thuy','0901006025','Quang Ngai',to_date('30/10/2002','dd/mm/yyyy'),'Stardard');
INSERT INTO CN2.CUSTOMER_STAFF VALUES ('CU23','Tran Do Tuong Vy','0931900611','Phan Thiet',to_date('09/08/1998','dd/mm/yyyy'),'Stardard');
INSERT INTO CN2.CUSTOMER_STAFF VALUES ('CU24','Nguyen Ngoc Thuy Tien','0904391156','Quang Binh',to_date('04/05/2000','dd/mm/yyyy'),'Stardard');
INSERT INTO CN2.CUSTOMER_STAFF VALUES ('CU25','Tran Ngoc Minh','0375130491','Binh Duong',to_date('28/09/1996','dd/mm/yyyy'),'Stardard');
INSERT INTO CN2.CUSTOMER_STAFF VALUES ('CU26','Vu Hong Phuong Anh','0375130491','Ca Mau',to_date('19/10/1996','dd/mm/yyyy'),'Stardard');
INSERT INTO CN2.CUSTOMER_STAFF VALUES ('CU27','Le Anh Thu','0901006848','Ben Tre',to_date('30/10/2008','dd/mm/yyyy'),'Stardard');
INSERT INTO CN2.CUSTOMER_STAFF VALUES ('CU28','Tran Thao Ngan','0931127827','Tien Giang',to_date('28/03/2001','dd/mm/yyyy'),'Stardard');
INSERT INTO CN2.CUSTOMER_STAFF VALUES ('CU29','Nguyen Ngoc Quynh Thanh','0931199244','Dong Thap',to_date('27/09/2002','dd/mm/yyyy'),'Stardard');
INSERT INTO CN2.CUSTOMER_STAFF VALUES ('CU30','Mai Ha Hoang Yen','0931199844','Can Tho',to_date('29/11/1978','dd/mm/yyyy'),'Stardard');
INSERT INTO CN2.CUSTOMER_STAFF VALUES ('CU31','Trinh Hong Phuc','0901006025','Ha Noi ',to_date('23/12/2003','dd/mm/yyyy'),'Stardard');
INSERT INTO CN2.CUSTOMER_STAFF VALUES ('CU32','Le Thanh Vi','0931900611','Ha Nam',to_date('05/11/2009','dd/mm/yyyy'),'Stardard');
INSERT INTO CN2.CUSTOMER_STAFF VALUES ('CU33','Nguyen Minh Tuyen','0904391156','Phu Tho',to_date('02/03/1994','dd/mm/yyyy'),'Member');
INSERT INTO CN2.CUSTOMER_STAFF VALUES ('CU34','Mai Thanh Thao','0375130491','Da Nang',to_date('05/09/2005','dd/mm/yyyy'),'Stardard');
INSERT INTO CN2.CUSTOMER_STAFF VALUES ('CU35','Duong Thanh Ngan','0901006848','Soc Trang',to_date('25/12/1988','dd/mm/yyyy'),'Stardard');
INSERT INTO CN2.CUSTOMER_STAFF VALUES ('CU36','Ngoc Phuong Trang','0931127827','Sa Pa',to_date('14/07/1998','dd/mm/yyyy'),'Stardard');
INSERT INTO CN2.CUSTOMER_STAFF VALUES ('CU37','Nguyen Kieu Trang','0931199244','Lang Son',to_date('28/12/1995','dd/mm/yyyy'),'Stardard');
INSERT INTO CN2.CUSTOMER_STAFF VALUES ('CU38','Bui Minh Hoai','0931199844','Son La',to_date('17/08/1975','dd/mm/yyyy'),'Stardard');
INSERT INTO CN2.CUSTOMER_STAFF VALUES ('CU39','Tran Man Chi','0901006025','Ho Chi Minh',to_date('07/12/1993','dd/mm/yyyy'),'Stardard');
INSERT INTO CN2.CUSTOMER_STAFF VALUES ('CU40','Ngo Bao Hoa','0931900611','Binh Duong',to_date('11/09/1977','dd/mm/yyyy'),'VIP');
INSERT INTO CN2.CUSTOMER_STAFF VALUES ('CU41','Tran Nguyen Yen Vy','0904391156','Da Nang',to_date('30/03/1998','dd/mm/yyyy'),'Stardard');
INSERT INTO CN2.CUSTOMER_STAFF VALUES ('CU42','Thach Diep Thao Nguyen','0375130491','Can Gio',to_date('09/04/1999','dd/mm/yyyy'),'Stardard');
INSERT INTO CN2.CUSTOMER_STAFF VALUES ('CU43','Ho Thi Ngoc Tram','0901006848','Ca Mau',to_date('01/05/2001','dd/mm/yyyy'),'Stardard');
INSERT INTO CN2.CUSTOMER_STAFF VALUES ('CU44','Vuong Gia Han','0931127827','Ha Noi ',to_date('19/12/1975','dd/mm/yyyy'),'Stardard');
INSERT INTO CN2.CUSTOMER_STAFF VALUES ('CU45','Ngo Ngoc Dan Thy','0931199244','Dong Thap',to_date('14/09/2000','dd/mm/yyyy'),'Stardard');
INSERT INTO CN2.CUSTOMER_STAFF VALUES ('CU46','Nguyen Ha Bao Ngan','0931199844','Phan Thiet',to_date('07/08/1974','dd/mm/yyyy'),'Stardard');
INSERT INTO CN2.CUSTOMER_STAFF VALUES ('CU47','Vu Nguyen Anh Vy','0901006025','Ho Chi Minh',to_date('27/11/2002','dd/mm/yyyy'),'Stardard');
INSERT INTO CN2.CUSTOMER_STAFF VALUES ('CU48','Nguyen Do Anh Vy','0931900611','Vinh Phuc',to_date('12/10/1982','dd/mm/yyyy'),'Stardard');
INSERT INTO CN2.CUSTOMER_STAFF VALUES ('CU49','Tran Thu Huong','0904391156','Bac Ninh',to_date('24/11/1999','dd/mm/yyyy'),'Stardard');
INSERT INTO CN2.CUSTOMER_STAFF VALUES ('CU50','Nguyen Ha Thao Linh','0375130492','Hung Yen',to_date('24/01/1997','dd/mm/yyyy'),'Stardard');
INSERT INTO CN2.CUSTOMER_STAFF VALUES ('CU51','Dang Tuan Anh','0375130491','Ho Chi Minh',to_date('08/12/2001','dd/mm/yyyy'),'Stardard');
INSERT INTO CN2.CUSTOMER_STAFF VALUES ('CU52','Hoang Duc Anh','0901006848','Ho Chi Minh',to_date('26/01/2001','dd/mm/yyyy'),'Stardard');
INSERT INTO CN2.CUSTOMER_STAFF VALUES ('CU53','Luu Trang Anh','0931127827','Ho Chi Minh',to_date('16/05/2001','dd/mm/yyyy'),'Member');
INSERT INTO CN2.CUSTOMER_STAFF VALUES ('CU54','Pham Hoang Anh','0931199244','Ho Chi Minh',to_date('05/11/2001','dd/mm/yyyy'),'Stardard');
INSERT INTO CN2.CUSTOMER_STAFF VALUES ('CU55','Pham Thi Hien Anh','0931199245','Thu Duc',to_date('19/12/1975','dd/mm/yyyy'),'Stardard');
INSERT INTO CN2.CUSTOMER_STAFF VALUES ('CU56','Pham Khac Viet Anh','0931199246','Phu Tho',to_date('14/09/2000','dd/mm/yyyy'),'Stardard');
INSERT INTO CN2.CUSTOMER_STAFF VALUES ('CU57','Do Hoang Gia Bao','0931199247','Thu Duc',to_date('07/08/1974','dd/mm/yyyy'),'Stardard');
INSERT INTO CN2.CUSTOMER_STAFF VALUES ('CU58','Tran Thi Minh Chau','0931199248','Thu Duc',to_date('27/11/2002','dd/mm/yyyy'),'Stardard');
INSERT INTO CN2.CUSTOMER_STAFF VALUES ('CU59','Tang Phuong Chi','0931199249','Thu Duc',to_date('12/10/1982','dd/mm/yyyy'),'Member');
INSERT INTO CN2.CUSTOMER_STAFF VALUES ('CU60','Gan Feng Du','0931199250','Ho Chi Minh',to_date('24/11/1999','dd/mm/yyyy'),'Stardard');
INSERT INTO CN2.CUSTOMER_STAFF VALUES ('CU61','Pham Tien Dung','0931199251','Ho Chi Minh',to_date('10/07/2001','dd/mm/yyyy'),'Stardard');
INSERT INTO CN2.CUSTOMER_STAFF VALUES ('CU62','Nguyen Thai Duong','0931199252','Ho Chi Minh',to_date('26/03/2001','dd/mm/yyyy'),'Stardard');
INSERT INTO CN2.CUSTOMER_STAFF VALUES ('CU63','Tran An Duong','0931199253','Ho Chi Minh',to_date('18/11/2001','dd/mm/yyyy'),'Member');
INSERT INTO CN2.CUSTOMER_STAFF VALUES ('CU64','Mac Trung Duc','0931199254','Ho Chi Minh',to_date('22/07/2001','dd/mm/yyyy'),'Stardard');
INSERT INTO CN2.CUSTOMER_STAFF VALUES ('CU65','Vu Huong Giang','0931199255','Ha Noi ',to_date('11/02/2001','dd/mm/yyyy'),'VIP');
INSERT INTO CN2.CUSTOMER_STAFF VALUES ('CU66','Nguyen Thi Ngan Ha','0931199256','Ha Noi ',to_date('25/07/2001','dd/mm/yyyy'),'Member');
INSERT INTO CN2.CUSTOMER_STAFF VALUES ('CU67','Nguyen Le Hieu','0375130491','Lang Son',to_date('19/12/1975','dd/mm/yyyy'),'Stardard');
INSERT INTO CN2.CUSTOMER_STAFF VALUES ('CU68','Pham Xuan Hoa','0901006848','Ha Noi ',to_date('14/09/2000','dd/mm/yyyy'),'Member');
INSERT INTO CN2.CUSTOMER_STAFF VALUES ('CU69','Dang Quoc Viet','0931127827','Ha Noi ',to_date('07/08/1974','dd/mm/yyyy'),'Stardard');
INSERT INTO CN2.CUSTOMER_STAFF VALUES ('CU70','Hoang Van Bao','0931199248','Hai Phong',to_date('27/11/2002','dd/mm/yyyy'),'Stardard');
INSERT INTO CN2.CUSTOMER_STAFF VALUES ('CU71','Luu Thanh Tuan','0931199249','Ha Noi ',to_date('12/10/1982','dd/mm/yyyy'),'Stardard');
INSERT INTO CN2.CUSTOMER_STAFF VALUES ('CU72','Hoang Thi Thanh Mai','0931199250','Nam Dinh',to_date('24/11/1999','dd/mm/yyyy'),'Stardard');
INSERT INTO CN2.CUSTOMER_STAFF VALUES ('CU73','Nguyen Quynh Hoa','0931199251','Ha Noi ',to_date('08/07/2001','dd/mm/yyyy'),'Member');
INSERT INTO CN2.CUSTOMER_STAFF VALUES ('CU74','Cao Thi Xuan Dung','0931199252','Ha Noi ',to_date('20/01/2001','dd/mm/yyyy'),'Stardard');
INSERT INTO CN2.CUSTOMER_STAFF VALUES ('CU75','Do Hong Viet','0931199253','Ha Noi ',to_date('23/12/2001','dd/mm/yyyy'),'VIP');
INSERT INTO CN2.CUSTOMER_STAFF VALUES ('CU76','Pham Thi Thu Huong','0375130491','Quang Nam',to_date('29/05/2001','dd/mm/yyyy'),'Stardard');
INSERT INTO CN2.CUSTOMER_STAFF VALUES ('CU77','Bui Thi Van Thien','0901006848','Quang Nam',to_date('28/10/2001','dd/mm/yyyy'),'Stardard');
INSERT INTO CN2.CUSTOMER_STAFF VALUES ('CU78','Nguyen Thi Thu Hien','0931127827','Quang Nam',to_date('13/04/2001','dd/mm/yyyy'),'VIP');
INSERT INTO CN2.CUSTOMER_STAFF VALUES ('CU79','Nguyen Thi Tra My','0931199244','Ha Nam',to_date('13/12/2001','dd/mm/yyyy'),'Member');
INSERT INTO CN2.CUSTOMER_STAFF VALUES ('CU80','Tran Thi Thuy','0931199844','Quang Nam',to_date('25/12/2001','dd/mm/yyyy'),'Stardard');
INSERT INTO CN2.CUSTOMER_STAFF VALUES ('CU81','Tran Trong Dung','0931199256','Quang Nam',to_date('13/07/2001','dd/mm/yyyy'),'Stardard');
INSERT INTO CN2.CUSTOMER_STAFF VALUES ('CU82','Mac Van Viet','0375130491','Nam Dinh',to_date('19/12/1975','dd/mm/yyyy'),'Stardard');
INSERT INTO CN2.CUSTOMER_STAFF VALUES ('CU83','Bui Thi Thu Huong','0375130492','Quang Nam',to_date('14/09/2000','dd/mm/yyyy'),'Member');
INSERT INTO CN2.CUSTOMER_STAFF VALUES ('CU84','Nguyen Van Dam','0375130493','Da Nang',to_date('07/08/1974','dd/mm/yyyy'),'Stardard');
INSERT INTO CN2.CUSTOMER_STAFF VALUES ('CU85','Le Thi Hoi','0375130494','Soc Trang',to_date('27/11/2002','dd/mm/yyyy'),'Stardard');
INSERT INTO CN2.CUSTOMER_STAFF VALUES ('CU86','Pham Van Cuong','0375130495','Sa Pa',to_date('12/10/1982','dd/mm/yyyy'),'Stardard');
INSERT INTO CN2.CUSTOMER_STAFF VALUES ('CU87','Khoa Nang Tung','0931199244','Lang Son',to_date('24/11/1999','dd/mm/yyyy'),'Member');
INSERT INTO CN2.CUSTOMER_STAFF VALUES ('CU88','Nguyen Huu Hoa','0931199844','Son La',to_date('15/01/2001','dd/mm/yyyy'),'Stardard');
INSERT INTO CN2.CUSTOMER_STAFF VALUES ('CU89','Nguyen Van Long','0901006025','Ho Chi Minh',to_date('15/09/2001','dd/mm/yyyy'),'Stardard');
INSERT INTO CN2.CUSTOMER_STAFF VALUES ('CU90','Nguyen Thi Duong','0931199244','Binh Duong',to_date('16/03/2001','dd/mm/yyyy'),'Stardard');
INSERT INTO CN2.CUSTOMER_STAFF VALUES ('CU91','To Thi Mai','0931199245','Da Nang',to_date('21/05/2001','dd/mm/yyyy'),'Stardard');
INSERT INTO CN2.CUSTOMER_STAFF VALUES ('CU92','Pham Duy','0375130491','Can Gio',to_date('12/12/2001','dd/mm/yyyy'),'Stardard');
INSERT INTO CN2.CUSTOMER_STAFF VALUES ('CU93','Bui Pham Van Anh','0901006848','Ca Mau',to_date('01/05/2001','dd/mm/yyyy'),'Stardard');
INSERT INTO CN2.CUSTOMER_STAFF VALUES ('CU94','Do Quang Minh','0931127827','Ha Noi ',to_date('19/12/1975','dd/mm/yyyy'),'Member');
INSERT INTO CN2.CUSTOMER_STAFF VALUES ('CU95','Nguyen Thi Thu Hang','0931199244','Dong Thap',to_date('14/09/2000','dd/mm/yyyy'),'Stardard');
INSERT INTO CN2.CUSTOMER_STAFF VALUES ('CU96','Cao Thi Phuong Thao','0931199844','Phan Thiet',to_date('07/08/1974','dd/mm/yyyy'),'VIP');
INSERT INTO CN2.CUSTOMER_STAFF VALUES ('CU97','Nguyen Thi Viet Yen','0901006025','Ho Chi Minh',to_date('27/11/2002','dd/mm/yyyy'),'Stardard');
INSERT INTO CN2.CUSTOMER_STAFF VALUES ('CU98','Bui Van Quan','0931199248','Vinh Phuc',to_date('12/10/1982','dd/mm/yyyy'),'Stardard');
INSERT INTO CN2.CUSTOMER_STAFF VALUES ('CU99','Nguyen Thi Huong','0931199249','Bac Ninh',to_date('24/11/1999','dd/mm/yyyy'),'Stardard');
INSERT INTO CN2.CUSTOMER_STAFF VALUES ('CU100','Nguyen Thi Mai','0931199250','Hung Yen',to_date('24/01/1997','dd/mm/yyyy'),'VIP');
COMMIT;
-- Insert into CN2.CUSTOMER_MANAGER
INSERT INTO CN2.CUSTOMER_MANAGER VALUES ('CU01',0);
INSERT INTO CN2.CUSTOMER_MANAGER VALUES ('CU02',0);
INSERT INTO CN2.CUSTOMER_MANAGER VALUES ('CU03',20000);
INSERT INTO CN2.CUSTOMER_MANAGER VALUES ('CU04',0);
INSERT INTO CN2.CUSTOMER_MANAGER VALUES ('CU05',0);
INSERT INTO CN2.CUSTOMER_MANAGER VALUES ('CU06',0);
INSERT INTO CN2.CUSTOMER_MANAGER VALUES ('CU07',0);
INSERT INTO CN2.CUSTOMER_MANAGER VALUES ('CU08',0);
INSERT INTO CN2.CUSTOMER_MANAGER VALUES ('CU09',310000);
INSERT INTO CN2.CUSTOMER_MANAGER VALUES ('CU10',0);
INSERT INTO CN2.CUSTOMER_MANAGER VALUES ('CU11',510000);
INSERT INTO CN2.CUSTOMER_MANAGER VALUES ('CU12',0);
INSERT INTO CN2.CUSTOMER_MANAGER VALUES ('CU13',0);
INSERT INTO CN2.CUSTOMER_MANAGER VALUES ('CU14',0);
INSERT INTO CN2.CUSTOMER_MANAGER VALUES ('CU15',100000);
INSERT INTO CN2.CUSTOMER_MANAGER VALUES ('CU16',0);
INSERT INTO CN2.CUSTOMER_MANAGER VALUES ('CU17',0);
INSERT INTO CN2.CUSTOMER_MANAGER VALUES ('CU18',0);
INSERT INTO CN2.CUSTOMER_MANAGER VALUES ('CU19',600000);
INSERT INTO CN2.CUSTOMER_MANAGER VALUES ('CU20',0);
INSERT INTO CN2.CUSTOMER_MANAGER VALUES ('CU21',350000);
INSERT INTO CN2.CUSTOMER_MANAGER VALUES ('CU22',0);
INSERT INTO CN2.CUSTOMER_MANAGER VALUES ('CU23',0);
INSERT INTO CN2.CUSTOMER_MANAGER VALUES ('CU24',85000);
INSERT INTO CN2.CUSTOMER_MANAGER VALUES ('CU25',0);
INSERT INTO CN2.CUSTOMER_MANAGER VALUES ('CU26',0);
INSERT INTO CN2.CUSTOMER_MANAGER VALUES ('CU27',50000);
INSERT INTO CN2.CUSTOMER_MANAGER VALUES ('CU28',0);
INSERT INTO CN2.CUSTOMER_MANAGER VALUES ('CU29',0);
INSERT INTO CN2.CUSTOMER_MANAGER VALUES ('CU30',0);
INSERT INTO CN2.CUSTOMER_MANAGER VALUES ('CU31',0);
INSERT INTO CN2.CUSTOMER_MANAGER VALUES ('CU32',0);
INSERT INTO CN2.CUSTOMER_MANAGER VALUES ('CU33',405000);
INSERT INTO CN2.CUSTOMER_MANAGER VALUES ('CU34',0);
INSERT INTO CN2.CUSTOMER_MANAGER VALUES ('CU35',0);
INSERT INTO CN2.CUSTOMER_MANAGER VALUES ('CU36',0);
INSERT INTO CN2.CUSTOMER_MANAGER VALUES ('CU37',0);
INSERT INTO CN2.CUSTOMER_MANAGER VALUES ('CU38',0);
INSERT INTO CN2.CUSTOMER_MANAGER VALUES ('CU39',0);
INSERT INTO CN2.CUSTOMER_MANAGER VALUES ('CU40',520000);
INSERT INTO CN2.CUSTOMER_MANAGER VALUES ('CU41',0);
INSERT INTO CN2.CUSTOMER_MANAGER VALUES ('CU42',0);
INSERT INTO CN2.CUSTOMER_MANAGER VALUES ('CU43',0);
INSERT INTO CN2.CUSTOMER_MANAGER VALUES ('CU44',0);
INSERT INTO CN2.CUSTOMER_MANAGER VALUES ('CU45',130000);
INSERT INTO CN2.CUSTOMER_MANAGER VALUES ('CU46',0);
INSERT INTO CN2.CUSTOMER_MANAGER VALUES ('CU47',0);
INSERT INTO CN2.CUSTOMER_MANAGER VALUES ('CU48',0);
INSERT INTO CN2.CUSTOMER_MANAGER VALUES ('CU49',0);
INSERT INTO CN2.CUSTOMER_MANAGER VALUES ('CU50',0);
INSERT INTO CN2.CUSTOMER_MANAGER VALUES ('CU51',0);
INSERT INTO CN2.CUSTOMER_MANAGER VALUES ('CU52',0);
INSERT INTO CN2.CUSTOMER_MANAGER VALUES ('CU53',305000);
INSERT INTO CN2.CUSTOMER_MANAGER VALUES ('CU54',0);
INSERT INTO CN2.CUSTOMER_MANAGER VALUES ('CU55',0);
INSERT INTO CN2.CUSTOMER_MANAGER VALUES ('CU56',0);
INSERT INTO CN2.CUSTOMER_MANAGER VALUES ('CU57',0);
INSERT INTO CN2.CUSTOMER_MANAGER VALUES ('CU58',0);
INSERT INTO CN2.CUSTOMER_MANAGER VALUES ('CU59',400000);
INSERT INTO CN2.CUSTOMER_MANAGER VALUES ('CU60',0);
INSERT INTO CN2.CUSTOMER_MANAGER VALUES ('CU61',0);
INSERT INTO CN2.CUSTOMER_MANAGER VALUES ('CU62',0);
INSERT INTO CN2.CUSTOMER_MANAGER VALUES ('CU63',390000);
INSERT INTO CN2.CUSTOMER_MANAGER VALUES ('CU64',0);
INSERT INTO CN2.CUSTOMER_MANAGER VALUES ('CU65',590000);
INSERT INTO CN2.CUSTOMER_MANAGER VALUES ('CU66',310000);
INSERT INTO CN2.CUSTOMER_MANAGER VALUES ('CU67',0);
INSERT INTO CN2.CUSTOMER_MANAGER VALUES ('CU68',450000);
INSERT INTO CN2.CUSTOMER_MANAGER VALUES ('CU69',0);
INSERT INTO CN2.CUSTOMER_MANAGER VALUES ('CU70',0);
INSERT INTO CN2.CUSTOMER_MANAGER VALUES ('CU71',0);
INSERT INTO CN2.CUSTOMER_MANAGER VALUES ('CU72',0);
INSERT INTO CN2.CUSTOMER_MANAGER VALUES ('CU73',460000);
INSERT INTO CN2.CUSTOMER_MANAGER VALUES ('CU74',0);
INSERT INTO CN2.CUSTOMER_MANAGER VALUES ('CU75',710000);
INSERT INTO CN2.CUSTOMER_MANAGER VALUES ('CU76',0);
INSERT INTO CN2.CUSTOMER_MANAGER VALUES ('CU77',0);
INSERT INTO CN2.CUSTOMER_MANAGER VALUES ('CU78',620000);
INSERT INTO CN2.CUSTOMER_MANAGER VALUES ('CU79',370000);
INSERT INTO CN2.CUSTOMER_MANAGER VALUES ('CU80',0);
INSERT INTO CN2.CUSTOMER_MANAGER VALUES ('CU81',0);
INSERT INTO CN2.CUSTOMER_MANAGER VALUES ('CU82',0);
INSERT INTO CN2.CUSTOMER_MANAGER VALUES ('CU83',320000);
INSERT INTO CN2.CUSTOMER_MANAGER VALUES ('CU84',0);
INSERT INTO CN2.CUSTOMER_MANAGER VALUES ('CU85',0);
INSERT INTO CN2.CUSTOMER_MANAGER VALUES ('CU86',0);
INSERT INTO CN2.CUSTOMER_MANAGER VALUES ('CU87',315000);
INSERT INTO CN2.CUSTOMER_MANAGER VALUES ('CU88',0);
INSERT INTO CN2.CUSTOMER_MANAGER VALUES ('CU89',0);
INSERT INTO CN2.CUSTOMER_MANAGER VALUES ('CU90',40000);
INSERT INTO CN2.CUSTOMER_MANAGER VALUES ('CU91',0);
INSERT INTO CN2.CUSTOMER_MANAGER VALUES ('CU92',0);
INSERT INTO CN2.CUSTOMER_MANAGER VALUES ('CU93',0);
INSERT INTO CN2.CUSTOMER_MANAGER VALUES ('CU94',425000);
INSERT INTO CN2.CUSTOMER_MANAGER VALUES ('CU95',0);
INSERT INTO CN2.CUSTOMER_MANAGER VALUES ('CU96',630000);
INSERT INTO CN2.CUSTOMER_MANAGER VALUES ('CU97',0);
INSERT INTO CN2.CUSTOMER_MANAGER VALUES ('CU98',290000);
INSERT INTO CN2.CUSTOMER_MANAGER VALUES ('CU99',0);
INSERT INTO CN2.CUSTOMER_MANAGER VALUES ('CU100',605000);
COMMIT;
-- Insert to CN2.EMPLOYEE
INSERT INTO CN2.EMPLOYEE VALUES ('EMP11','Nguyen Chung Thuy Dan',to_date('21/07/2001','dd/mm/yyyy'),'0366866701','Ho Chi Minh','BR02');
INSERT INTO CN2.EMPLOYEE VALUES ('EMP12','Nguyen Ngoc Linh Dan',to_date('07/07/2001','dd/mm/yyyy'),'0366866701','Nam Dinh','BR02'); 
INSERT INTO CN2.EMPLOYEE VALUES ('EMP13','Ho Nam Kha',to_date('01/01/2001','dd/mm/yyyy'),'0366866701','Nghe An','BR02'); 
INSERT INTO CN2.EMPLOYEE VALUES ('EMP14','Vu Lan Anh',to_date('01/01/2001','dd/mm/yyyy'),'0366866701','Da Lat','BR02'); 
INSERT INTO CN2.EMPLOYEE VALUES ('EMP15','Bui Nhat Linh',to_date('01/01/2001','dd/mm/yyyy'),'0366866701','Dong Nai','BR02'); 
INSERT INTO CN2.EMPLOYEE VALUES ('EMP16','Nguyen Do Thuy Tran',to_date('01/01/2001','dd/mm/yyyy'),'0366866701','Da Nang','BR02'); 
INSERT INTO CN2.EMPLOYEE VALUES ('EMP17','Ngo Ngoc Quynh Hoa',to_date('18/09/2000','dd/mm/yyyy'),'0366866701','Ha Noi','BR02'); 
INSERT INTO CN2.EMPLOYEE VALUES ('EMP18','Phan Quynh Hoa',to_date('01/01/1999','dd/mm/yyyy'),'0366866701','Vinh Phuc','BR02'); 
INSERT INTO CN2.EMPLOYEE VALUES ('EMP19','Dao Gia Bao',to_date('01/01/2000','dd/mm/yyyy'),'0366866701','Phu Tho','BR02'); 
INSERT INTO CN2.EMPLOYEE VALUES ('EMP20','Nguyen Viet Anh',to_date('01/01/2000','dd/mm/yyyy'),'0366866701','Ho Chi Minh','BR02');
COMMIT;
-- Insert into CN2.ITEMMANAGE_MANAGER
INSERT INTO CN2.ITEMMANAGE_MANAGER VALUES ('BR02','IT01','Duoc Phep Ban',0);
INSERT INTO CN2.ITEMMANAGE_MANAGER VALUES ('BR02','IT02','Duoc Phep Ban',0);
INSERT INTO CN2.ITEMMANAGE_MANAGER VALUES ('BR02','IT03','Duoc Phep Ban',5);
INSERT INTO CN2.ITEMMANAGE_MANAGER VALUES ('BR02','IT04','Duoc Phep Ban',0);
INSERT INTO CN2.ITEMMANAGE_MANAGER VALUES ('BR02','IT05','Duoc Phep Ban',0);
INSERT INTO CN2.ITEMMANAGE_MANAGER VALUES ('BR02','IT06','Duoc Phep Ban',0);
INSERT INTO CN2.ITEMMANAGE_MANAGER VALUES ('BR02','IT07','Duoc Phep Ban',0);
INSERT INTO CN2.ITEMMANAGE_MANAGER VALUES ('BR02','IT08','Duoc Phep Ban',10);
INSERT INTO CN2.ITEMMANAGE_MANAGER VALUES ('BR02','IT09','Duoc Phep Ban',0);
INSERT INTO CN2.ITEMMANAGE_MANAGER VALUES ('BR02','IT10','Duoc Phep Ban',0);
INSERT INTO CN2.ITEMMANAGE_MANAGER VALUES ('BR02','IT11','Duoc Phep Ban',0);
INSERT INTO CN2.ITEMMANAGE_MANAGER VALUES ('BR02','IT12','Duoc Phep Ban',0);
INSERT INTO CN2.ITEMMANAGE_MANAGER VALUES ('BR02','IT13','Duoc Phep Ban',0);
INSERT INTO CN2.ITEMMANAGE_MANAGER VALUES ('BR02','IT14','Duoc Phep Ban',0);
INSERT INTO CN2.ITEMMANAGE_MANAGER VALUES ('BR02','IT15','Duoc Phep Ban',0);
INSERT INTO CN2.ITEMMANAGE_MANAGER VALUES ('BR02','IT16','Duoc Phep Ban',10);
INSERT INTO CN2.ITEMMANAGE_MANAGER VALUES ('BR02','IT17','Duoc Phep Ban',0);
INSERT INTO CN2.ITEMMANAGE_MANAGER VALUES ('BR02','IT18','Duoc Phep Ban',5);
INSERT INTO CN2.ITEMMANAGE_MANAGER VALUES ('BR02','IT19','Duoc Phep Ban',0);
INSERT INTO CN2.ITEMMANAGE_MANAGER VALUES ('BR02','IT20','Duoc Phep Ban',0);
INSERT INTO CN2.ITEMMANAGE_MANAGER VALUES ('BR02','IT21','Duoc Phep Ban',0);
INSERT INTO CN2.ITEMMANAGE_MANAGER VALUES ('BR02','IT22','Duoc Phep Ban',0);
INSERT INTO CN2.ITEMMANAGE_MANAGER VALUES ('BR02','IT23','Duoc Phep Ban',0);
INSERT INTO CN2.ITEMMANAGE_MANAGER VALUES ('BR02','IT24','Duoc Phep Ban',0);
INSERT INTO CN2.ITEMMANAGE_MANAGER VALUES ('BR02','IT25','Duoc Phep Ban',0);
INSERT INTO CN2.ITEMMANAGE_MANAGER VALUES ('BR02','IT26','Duoc Phep Ban',0);
INSERT INTO CN2.ITEMMANAGE_MANAGER VALUES ('BR02','IT27','Duoc Phep Ban',10);
INSERT INTO CN2.ITEMMANAGE_MANAGER VALUES ('BR02','IT28','Duoc Phep Ban',0);
INSERT INTO CN2.ITEMMANAGE_MANAGER VALUES ('BR02','IT29','Duoc Phep Ban',0);
INSERT INTO CN2.ITEMMANAGE_MANAGER VALUES ('BR02','IT30','Duoc Phep Ban',0);
INSERT INTO CN2.ITEMMANAGE_MANAGER VALUES ('BR02','IT31','Duoc Phep Ban',0);
INSERT INTO CN2.ITEMMANAGE_MANAGER VALUES ('BR02','IT32','Duoc Phep Ban',0);
INSERT INTO CN2.ITEMMANAGE_MANAGER VALUES ('BR02','IT33','Duoc Phep Ban',0);
INSERT INTO CN2.ITEMMANAGE_MANAGER VALUES ('BR02','IT34','Duoc Phep Ban',0);
INSERT INTO CN2.ITEMMANAGE_MANAGER VALUES ('BR02','IT35','Duoc Phep Ban',0);
INSERT INTO CN2.ITEMMANAGE_MANAGER VALUES ('BR02','IT36','Duoc Phep Ban',15);
INSERT INTO CN2.ITEMMANAGE_MANAGER VALUES ('BR02','IT37','Duoc Phep Ban',0);
INSERT INTO CN2.ITEMMANAGE_MANAGER VALUES ('BR02','IT38','Duoc Phep Ban',0);
INSERT INTO CN2.ITEMMANAGE_MANAGER VALUES ('BR02','IT39','Duoc Phep Ban',0);
INSERT INTO CN2.ITEMMANAGE_MANAGER VALUES ('BR02','IT40','Duoc Phep Ban',15);
INSERT INTO CN2.ITEMMANAGE_MANAGER VALUES ('BR02','IT41','Duoc Phep Ban',0);
INSERT INTO CN2.ITEMMANAGE_MANAGER VALUES ('BR02','IT42','Duoc Phep Ban',0);
INSERT INTO CN2.ITEMMANAGE_MANAGER VALUES ('BR02','IT43','Duoc Phep Ban',0);
INSERT INTO CN2.ITEMMANAGE_MANAGER VALUES ('BR02','IT44','Duoc Phep Ban',0);
INSERT INTO CN2.ITEMMANAGE_MANAGER VALUES ('BR02','IT45','Duoc Phep Ban',0);
INSERT INTO CN2.ITEMMANAGE_MANAGER VALUES ('BR02','IT46','Duoc Phep Ban',5);
INSERT INTO CN2.ITEMMANAGE_MANAGER VALUES ('BR02','IT47','Duoc Phep Ban',0);
INSERT INTO CN2.ITEMMANAGE_MANAGER VALUES ('BR02','IT48','Duoc Phep Ban',0);
INSERT INTO CN2.ITEMMANAGE_MANAGER VALUES ('BR02','IT49','Duoc Phep Ban',0);
INSERT INTO CN2.ITEMMANAGE_MANAGER VALUES ('BR02','IT50','Duoc Phep Ban',0);
COMMIT;
-- Insert into CN2.ITEMMANAGE_STAFF
INSERT INTO CN2.ITEMMANAGE_STAFF VALUES ('BR02','IT01','Ngay',30);
INSERT INTO CN2.ITEMMANAGE_STAFF VALUES ('BR02','IT02','Sang',20);
INSERT INTO CN2.ITEMMANAGE_STAFF VALUES ('BR02','IT03','Ngay',6);
INSERT INTO CN2.ITEMMANAGE_STAFF VALUES ('BR02','IT04','Ngay',44);
INSERT INTO CN2.ITEMMANAGE_STAFF VALUES ('BR02','IT05','Chieu',39);
INSERT INTO CN2.ITEMMANAGE_STAFF VALUES ('BR02','IT06','Toi',7);
INSERT INTO CN2.ITEMMANAGE_STAFF VALUES ('BR02','IT07','Ngay',44);
INSERT INTO CN2.ITEMMANAGE_STAFF VALUES ('BR02','IT08','Ngay',37);
INSERT INTO CN2.ITEMMANAGE_STAFF VALUES ('BR02','IT09','Ngay',2);
INSERT INTO CN2.ITEMMANAGE_STAFF VALUES ('BR02','IT10','Sang',24);
INSERT INTO CN2.ITEMMANAGE_STAFF VALUES ('BR02','IT11','Toi',3);
INSERT INTO CN2.ITEMMANAGE_STAFF VALUES ('BR02','IT12','Sang',19);
INSERT INTO CN2.ITEMMANAGE_STAFF VALUES ('BR02','IT13','Ngay',26);
INSERT INTO CN2.ITEMMANAGE_STAFF VALUES ('BR02','IT14','Toi',27);
INSERT INTO CN2.ITEMMANAGE_STAFF VALUES ('BR02','IT15','Ngay',32);
INSERT INTO CN2.ITEMMANAGE_STAFF VALUES ('BR02','IT16','Toi',2);
INSERT INTO CN2.ITEMMANAGE_STAFF VALUES ('BR02','IT17','Ngay',20);
INSERT INTO CN2.ITEMMANAGE_STAFF VALUES ('BR02','IT18','Chieu',10);
INSERT INTO CN2.ITEMMANAGE_STAFF VALUES ('BR02','IT19','Ngay',0);
INSERT INTO CN2.ITEMMANAGE_STAFF VALUES ('BR02','IT20','Sang',43);
INSERT INTO CN2.ITEMMANAGE_STAFF VALUES ('BR02','IT21','Chieu',41);
INSERT INTO CN2.ITEMMANAGE_STAFF VALUES ('BR02','IT22','Ngay',24);
INSERT INTO CN2.ITEMMANAGE_STAFF VALUES ('BR02','IT23','Chieu',19);
INSERT INTO CN2.ITEMMANAGE_STAFF VALUES ('BR02','IT24','Ngay',50);
INSERT INTO CN2.ITEMMANAGE_STAFF VALUES ('BR02','IT25','Toi',20);
INSERT INTO CN2.ITEMMANAGE_STAFF VALUES ('BR02','IT26','Ngay',29);
INSERT INTO CN2.ITEMMANAGE_STAFF VALUES ('BR02','IT27','Ngay',4);
INSERT INTO CN2.ITEMMANAGE_STAFF VALUES ('BR02','IT28','Chieu',4);
INSERT INTO CN2.ITEMMANAGE_STAFF VALUES ('BR02','IT29','Chieu',23);
INSERT INTO CN2.ITEMMANAGE_STAFF VALUES ('BR02','IT30','Ngay',10);
INSERT INTO CN2.ITEMMANAGE_STAFF VALUES ('BR02','IT31','Ngay',10);
INSERT INTO CN2.ITEMMANAGE_STAFF VALUES ('BR02','IT32','Sang',3);
INSERT INTO CN2.ITEMMANAGE_STAFF VALUES ('BR02','IT33','Chieu',33);
INSERT INTO CN2.ITEMMANAGE_STAFF VALUES ('BR02','IT34','Ngay',18);
INSERT INTO CN2.ITEMMANAGE_STAFF VALUES ('BR02','IT35','Toi',48);
INSERT INTO CN2.ITEMMANAGE_STAFF VALUES ('BR02','IT36','Ngay',21);
INSERT INTO CN2.ITEMMANAGE_STAFF VALUES ('BR02','IT37','Sang',36);
INSERT INTO CN2.ITEMMANAGE_STAFF VALUES ('BR02','IT38','Ngay',2);
INSERT INTO CN2.ITEMMANAGE_STAFF VALUES ('BR02','IT39','Ngay',40);
INSERT INTO CN2.ITEMMANAGE_STAFF VALUES ('BR02','IT40','Ngay',1);
INSERT INTO CN2.ITEMMANAGE_STAFF VALUES ('BR02','IT41','Sang',39);
INSERT INTO CN2.ITEMMANAGE_STAFF VALUES ('BR02','IT42','Ngay',24);
INSERT INTO CN2.ITEMMANAGE_STAFF VALUES ('BR02','IT43','Ngay',8);
INSERT INTO CN2.ITEMMANAGE_STAFF VALUES ('BR02','IT44','Sang',47);
INSERT INTO CN2.ITEMMANAGE_STAFF VALUES ('BR02','IT45','Ngay',48);
INSERT INTO CN2.ITEMMANAGE_STAFF VALUES ('BR02','IT46','Ngay',31);
INSERT INTO CN2.ITEMMANAGE_STAFF VALUES ('BR02','IT47','Toi',11);
INSERT INTO CN2.ITEMMANAGE_STAFF VALUES ('BR02','IT48','Toi',47);
INSERT INTO CN2.ITEMMANAGE_STAFF VALUES ('BR02','IT49','Ngay',15);
INSERT INTO CN2.ITEMMANAGE_STAFF VALUES ('BR02','IT50','Ngay',6);
COMMIT;
-- Insert into CN2.BILL
INSERT INTO CN2.BILL VALUES ('BI13',to_date('11/11/2021','dd/mm/yyyy'),'CU06','EMP11',144000);
INSERT INTO CN2.BILL VALUES ('BI14',to_date('11/11/2021','dd/mm/yyyy'),'CU07','EMP11',114000);
INSERT INTO CN2.BILL VALUES ('BI15',to_date('11/11/2021','dd/mm/yyyy'),'CU08','EMP11',150000);
INSERT INTO CN2.BILL VALUES ('BI16',to_date('11/11/2021','dd/mm/yyyy'),'CU09','EMP11',384000);
INSERT INTO CN2.BILL VALUES ('BI17',to_date('11/11/2021','dd/mm/yyyy'),'CU10','EMP17',90000);
INSERT INTO CN2.BILL VALUES ('BI18',to_date('12/11/2021','dd/mm/yyyy'),'CU11','EMP17',30000);
INSERT INTO CN2.BILL VALUES ('BI19',to_date('12/11/2021','dd/mm/yyyy'),'CU12','EMP17',330000);
INSERT INTO CN2.BILL VALUES ('BI20',to_date('12/11/2021','dd/mm/yyyy'),'CU13','EMP17',192000);
INSERT INTO CN2.BILL VALUES ('BI33',to_date('15/11/2021','dd/mm/yyyy'),'CU32','EMP12',264000);
INSERT INTO CN2.BILL VALUES ('BI34',to_date('15/11/2021','dd/mm/yyyy'),'CU20','EMP12',300000);
INSERT INTO CN2.BILL VALUES ('BI35',to_date('16/11/2021','dd/mm/yyyy'),'CU11','EMP12',280000);
INSERT INTO CN2.BILL VALUES ('BI36',to_date('16/11/2021','dd/mm/yyyy'),'CU17','EMP13',240000);
INSERT INTO CN2.BILL VALUES ('BI37',to_date('16/11/2021','dd/mm/yyyy'),'CU05','EMP13',312000);
INSERT INTO CN2.BILL VALUES ('BI38',to_date('16/11/2021','dd/mm/yyyy'),'CU30','EMP13',456000);
INSERT INTO CN2.BILL VALUES ('BI39',to_date('16/11/2021','dd/mm/yyyy'),'CU10','EMP13',675000);
INSERT INTO CN2.BILL VALUES ('BI40',to_date('17/11/2021','dd/mm/yyyy'),'CU20','EMP13',288000);
INSERT INTO CN2.BILL VALUES ('BI100',to_date('21/11/2021','dd/mm/yyyy'),'CU01','EMP11',725000);
INSERT INTO CN2.BILL VALUES ('BI101',to_date('21/11/2021','dd/mm/yyyy'),'CU06','EMP11',720000);
INSERT INTO CN2.BILL VALUES ('BI102',to_date('21/11/2021','dd/mm/yyyy'),'CU07','EMP11',735000);
INSERT INTO CN2.BILL VALUES ('BI103',to_date('21/11/2021','dd/mm/yyyy'),'CU08','EMP12',908000);
INSERT INTO CN2.BILL VALUES ('BI104',to_date('21/11/2021','dd/mm/yyyy'),'CU09','EMP12',660000);
INSERT INTO CN2.BILL VALUES ('BI105',to_date('21/11/2021','dd/mm/yyyy'),'CU10','EMP12',763000);
INSERT INTO CN2.BILL VALUES ('BI106',to_date('21/11/2021','dd/mm/yyyy'),'CU11','EMP14',1225000);
INSERT INTO CN2.BILL VALUES ('BI107',to_date('21/11/2021','dd/mm/yyyy'),'CU12','EMP14',623000);
INSERT INTO CN2.BILL VALUES ('BI108',to_date('21/11/2021','dd/mm/yyyy'),'CU13','EMP11',469000);
INSERT INTO CN2.BILL VALUES ('BI109',to_date('22/11/2021','dd/mm/yyyy'),'CU14','EMP11',3441000);
INSERT INTO CN2.BILL VALUES ('BI110',to_date('22/11/2021','dd/mm/yyyy'),'CU15','EMP11',1565000);
INSERT INTO CN2.BILL VALUES ('BI111',to_date('22/11/2021','dd/mm/yyyy'),'CU05','EMP12',400000);
INSERT INTO CN2.BILL VALUES ('BI112',to_date('22/11/2021','dd/mm/yyyy'),'CU06','EMP12',144000);
INSERT INTO CN2.BILL VALUES ('BI113',to_date('22/11/2021','dd/mm/yyyy'),'CU07','EMP12',114000);
INSERT INTO CN2.BILL VALUES ('BI114',to_date('22/11/2021','dd/mm/yyyy'),'CU08','EMP14',150000);
INSERT INTO CN2.BILL VALUES ('BI115',to_date('22/11/2021','dd/mm/yyyy'),'CU09','EMP14',384000);
INSERT INTO CN2.BILL VALUES ('BI116',to_date('22/11/2021','dd/mm/yyyy'),'CU10','EMP11',90000);
INSERT INTO CN2.BILL VALUES ('BI117',to_date('22/11/2021','dd/mm/yyyy'),'CU11','EMP11',30000);
INSERT INTO CN2.BILL VALUES ('BI118',to_date('22/11/2021','dd/mm/yyyy'),'CU12','EMP11',330000);
INSERT INTO CN2.BILL VALUES ('BI119',to_date('22/11/2021','dd/mm/yyyy'),'CU13','EMP12',192000);
INSERT INTO CN2.BILL VALUES ('BI120',to_date('22/11/2021','dd/mm/yyyy'),'CU23','EMP12',225000);
INSERT INTO CN2.BILL VALUES ('BI121',to_date('22/11/2021','dd/mm/yyyy'),'CU45','EMP12',220000);
INSERT INTO CN2.BILL VALUES ('BI122',to_date('22/11/2021','dd/mm/yyyy'),'CU50','EMP14',340000);
INSERT INTO CN2.BILL VALUES ('BI123',to_date('22/11/2021','dd/mm/yyyy'),'CU21','EMP14',120000);
INSERT INTO CN2.BILL VALUES ('BI124',to_date('23/11/2021','dd/mm/yyyy'),'CU31','EMP11',48000);
INSERT INTO CN2.BILL VALUES ('BI125',to_date('23/11/2021','dd/mm/yyyy'),'CU22','EMP11',196000);
INSERT INTO CN2.BILL VALUES ('BI126',to_date('23/11/2021','dd/mm/yyyy'),'CU29','EMP11',90000);
INSERT INTO CN2.BILL VALUES ('BI127',to_date('23/11/2021','dd/mm/yyyy'),'CU09','EMP12',240000);
INSERT INTO CN2.BILL VALUES ('BI128',to_date('23/11/2021','dd/mm/yyyy'),'CU12','EMP12',360000);
INSERT INTO CN2.BILL VALUES ('BI129',to_date('23/11/2021','dd/mm/yyyy'),'CU34','EMP12',390000);
INSERT INTO CN2.BILL VALUES ('BI130',to_date('23/11/2021','dd/mm/yyyy'),'CU35','EMP14',168000);
INSERT INTO CN2.BILL VALUES ('BI131',to_date('23/11/2021','dd/mm/yyyy'),'CU48','EMP14',180000);
INSERT INTO CN2.BILL VALUES ('BI132',to_date('23/11/2021','dd/mm/yyyy'),'CU32','EMP11',264000);
INSERT INTO CN2.BILL VALUES ('BI133',to_date('23/11/2021','dd/mm/yyyy'),'CU20','EMP11',300000);
INSERT INTO CN2.BILL VALUES ('BI134',to_date('23/11/2021','dd/mm/yyyy'),'CU11','EMP11',280000);
INSERT INTO CN2.BILL VALUES ('BI135',to_date('23/11/2021','dd/mm/yyyy'),'CU17','EMP12',240000);
INSERT INTO CN2.BILL VALUES ('BI136',to_date('23/11/2021','dd/mm/yyyy'),'CU05','EMP12',312000);
INSERT INTO CN2.BILL VALUES ('BI137',to_date('24/11/2021','dd/mm/yyyy'),'CU30','EMP12',456000);
INSERT INTO CN2.BILL VALUES ('BI138',to_date('24/11/2021','dd/mm/yyyy'),'CU10','EMP14',675000);
INSERT INTO CN2.BILL VALUES ('BI139',to_date('24/11/2021','dd/mm/yyyy'),'CU20','EMP14',288000);
INSERT INTO CN2.BILL VALUES ('BI140',to_date('24/11/2021','dd/mm/yyyy'),'CU40','EMP11',400000);
INSERT INTO CN2.BILL VALUES ('BI141',to_date('24/11/2021','dd/mm/yyyy'),'CU39','EMP11',120000);
INSERT INTO CN2.BILL VALUES ('BI142',to_date('24/11/2021','dd/mm/yyyy'),'CU29','EMP11',390000);
INSERT INTO CN2.BILL VALUES ('BI143',to_date('24/11/2021','dd/mm/yyyy'),'CU19','EMP12',45000);
INSERT INTO CN2.BILL VALUES ('BI144',to_date('24/11/2021','dd/mm/yyyy'),'CU17','EMP12',675000);
INSERT INTO CN2.BILL VALUES ('BI145',to_date('24/11/2021','dd/mm/yyyy'),'CU27','EMP12',312000);
INSERT INTO CN2.BILL VALUES ('BI146',to_date('24/11/2021','dd/mm/yyyy'),'CU42','EMP14',114000);
INSERT INTO CN2.BILL VALUES ('BI147',to_date('24/11/2021','dd/mm/yyyy'),'CU43','EMP14',1580000);
INSERT INTO CN2.BILL VALUES ('BI148',to_date('24/11/2021','dd/mm/yyyy'),'CU10','EMP11',1315000);
INSERT INTO CN2.BILL VALUES ('BI149',to_date('24/11/2021','dd/mm/yyyy'),'CU01','EMP11',2588000);
INSERT INTO CN2.BILL VALUES ('BI150',to_date('05/12/2021','dd/mm/yyyy'),'CU21','EMP11',725000);
INSERT INTO CN2.BILL VALUES ('BI151',to_date('05/12/2021','dd/mm/yyyy'),'CU31','EMP11',720000);
INSERT INTO CN2.BILL VALUES ('BI152',to_date('05/12/2021','dd/mm/yyyy'),'CU22','EMP11',735000);
INSERT INTO CN2.BILL VALUES ('BI153',to_date('05/12/2021','dd/mm/yyyy'),'CU29','EMP12',908000);
INSERT INTO CN2.BILL VALUES ('BI154',to_date('05/12/2021','dd/mm/yyyy'),'CU09','EMP12',660000);
INSERT INTO CN2.BILL VALUES ('BI155',to_date('05/12/2021','dd/mm/yyyy'),'CU12','EMP12',763000);
INSERT INTO CN2.BILL VALUES ('BI156',to_date('05/12/2021','dd/mm/yyyy'),'CU34','EMP14',1225000);
INSERT INTO CN2.BILL VALUES ('BI157',to_date('05/12/2021','dd/mm/yyyy'),'CU35','EMP14',623000);
INSERT INTO CN2.BILL VALUES ('BI158',to_date('05/12/2021','dd/mm/yyyy'),'CU48','EMP11',469000);
INSERT INTO CN2.BILL VALUES ('BI159',to_date('05/12/2021','dd/mm/yyyy'),'CU32','EMP11',3441000);
INSERT INTO CN2.BILL VALUES ('BI160',to_date('05/12/2021','dd/mm/yyyy'),'CU20','EMP11',1565000);
INSERT INTO CN2.BILL VALUES ('BI161',to_date('05/12/2021','dd/mm/yyyy'),'CU11','EMP12',400000);
INSERT INTO CN2.BILL VALUES ('BI162',to_date('05/12/2021','dd/mm/yyyy'),'CU17','EMP12',144000);
INSERT INTO CN2.BILL VALUES ('BI163',to_date('05/12/2021','dd/mm/yyyy'),'CU05','EMP12',114000);
INSERT INTO CN2.BILL VALUES ('BI164',to_date('05/12/2021','dd/mm/yyyy'),'CU30','EMP14',150000);
INSERT INTO CN2.BILL VALUES ('BI165',to_date('05/12/2021','dd/mm/yyyy'),'CU10','EMP14',384000);
INSERT INTO CN2.BILL VALUES ('BI166',to_date('05/12/2021','dd/mm/yyyy'),'CU20','EMP11',90000);
INSERT INTO CN2.BILL VALUES ('BI167',to_date('05/12/2021','dd/mm/yyyy'),'CU40','EMP11',30000);
INSERT INTO CN2.BILL VALUES ('BI168',to_date('05/12/2021','dd/mm/yyyy'),'CU39','EMP11',330000);
INSERT INTO CN2.BILL VALUES ('BI169',to_date('05/12/2021','dd/mm/yyyy'),'CU29','EMP12',192000);
INSERT INTO CN2.BILL VALUES ('BI170',to_date('05/12/2021','dd/mm/yyyy'),'CU19','EMP12',225000);
INSERT INTO CN2.BILL VALUES ('BI171',to_date('05/12/2021','dd/mm/yyyy'),'CU17','EMP12',220000);
INSERT INTO CN2.BILL VALUES ('BI172',to_date('05/12/2021','dd/mm/yyyy'),'CU27','EMP14',340000);
INSERT INTO CN2.BILL VALUES ('BI173',to_date('05/12/2021','dd/mm/yyyy'),'CU42','EMP14',120000);
INSERT INTO CN2.BILL VALUES ('BI174',to_date('05/12/2021','dd/mm/yyyy'),'CU43','EMP11',48000);
INSERT INTO CN2.BILL VALUES ('BI175',to_date('05/12/2021','dd/mm/yyyy'),'CU10','EMP11',196000);
INSERT INTO CN2.BILL VALUES ('BI176',to_date('06/12/2021','dd/mm/yyyy'),'CU01','EMP11',90000);
INSERT INTO CN2.BILL VALUES ('BI177',to_date('06/12/2021','dd/mm/yyyy'),'CU09','EMP12',240000);
INSERT INTO CN2.BILL VALUES ('BI178',to_date('06/12/2021','dd/mm/yyyy'),'CU12','EMP12',360000);
INSERT INTO CN2.BILL VALUES ('BI179',to_date('06/12/2021','dd/mm/yyyy'),'CU34','EMP12',390000);
INSERT INTO CN2.BILL VALUES ('BI180',to_date('06/12/2021','dd/mm/yyyy'),'CU35','EMP14',168000);
INSERT INTO CN2.BILL VALUES ('BI181',to_date('06/12/2021','dd/mm/yyyy'),'CU48','EMP14',180000);
INSERT INTO CN2.BILL VALUES ('BI182',to_date('06/12/2021','dd/mm/yyyy'),'CU32','EMP11',264000);
INSERT INTO CN2.BILL VALUES ('BI183',to_date('06/12/2021','dd/mm/yyyy'),'CU20','EMP11',300000);
INSERT INTO CN2.BILL VALUES ('BI184',to_date('06/12/2021','dd/mm/yyyy'),'CU11','EMP11',280000);
INSERT INTO CN2.BILL VALUES ('BI185',to_date('06/12/2021','dd/mm/yyyy'),'CU17','EMP12',240000);
INSERT INTO CN2.BILL VALUES ('BI186',to_date('06/12/2021','dd/mm/yyyy'),'CU05','EMP12',312000);
INSERT INTO CN2.BILL VALUES ('BI187',to_date('06/12/2021','dd/mm/yyyy'),'CU30','EMP12',456000);
INSERT INTO CN2.BILL VALUES ('BI188',to_date('06/12/2021','dd/mm/yyyy'),'CU10','EMP14',675000);
INSERT INTO CN2.BILL VALUES ('BI189',to_date('06/12/2021','dd/mm/yyyy'),'CU20','EMP14',288000);
INSERT INTO CN2.BILL VALUES ('BI190',to_date('06/12/2021','dd/mm/yyyy'),'CU40','EMP11',400000);
INSERT INTO CN2.BILL VALUES ('BI191',to_date('06/12/2021','dd/mm/yyyy'),'CU39','EMP11',120000);
INSERT INTO CN2.BILL VALUES ('BI192',to_date('06/12/2021','dd/mm/yyyy'),'CU29','EMP11',390000);
INSERT INTO CN2.BILL VALUES ('BI193',to_date('06/12/2021','dd/mm/yyyy'),'CU19','EMP12',45000);
INSERT INTO CN2.BILL VALUES ('BI194',to_date('06/12/2021','dd/mm/yyyy'),'CU17','EMP12',675000);
INSERT INTO CN2.BILL VALUES ('BI195',to_date('06/12/2021','dd/mm/yyyy'),'CU27','EMP12',312000);
INSERT INTO CN2.BILL VALUES ('BI196',to_date('06/12/2021','dd/mm/yyyy'),'CU42','EMP14',114000);
INSERT INTO CN2.BILL VALUES ('BI197',to_date('06/12/2021','dd/mm/yyyy'),'CU43','EMP14',1580000);
INSERT INTO CN2.BILL VALUES ('BI198',to_date('06/12/2021','dd/mm/yyyy'),'CU10','EMP11',1315000);
INSERT INTO CN2.BILL VALUES ('BI199',to_date('06/12/2021','dd/mm/yyyy'),'CU01','EMP11',2588000);
COMMIT;
-- Insert into CN2.BILLDETAIL
INSERT INTO CN2.BILLDETAIL VALUES ('BI13','IT49',6,144000);
INSERT INTO CN2.BILLDETAIL VALUES ('BI14','IT32',3,114000);
INSERT INTO CN2.BILLDETAIL VALUES ('BI15','IT18',5,150000);
INSERT INTO CN2.BILLDETAIL VALUES ('BI16','IT28',12,384000);
INSERT INTO CN2.BILLDETAIL VALUES ('BI17','IT30',2,90000);
INSERT INTO CN2.BILLDETAIL VALUES ('BI18','IT18',1,30000);
INSERT INTO CN2.BILLDETAIL VALUES ('BI19','IT19',11,330000);
INSERT INTO CN2.BILLDETAIL VALUES ('BI20','IT07',6,192000);
INSERT INTO CN2.BILLDETAIL VALUES ('BI33','IT47',11,264000);
INSERT INTO CN2.BILLDETAIL VALUES ('BI34','IT20',10,300000);
INSERT INTO CN2.BILLDETAIL VALUES ('BI35','IT38',7,280000);
INSERT INTO CN2.BILLDETAIL VALUES ('BI36','IT38',6,240000);
INSERT INTO CN2.BILLDETAIL VALUES ('BI37','IT22',8,312000);
INSERT INTO CN2.BILLDETAIL VALUES ('BI38','IT33',12,456000);
INSERT INTO CN2.BILLDETAIL VALUES ('BI39','IT11',15,675000);
INSERT INTO CN2.BILLDETAIL VALUES ('BI40','IT49',12,288000);
INSERT INTO CN2.BILLDETAIL VALUES ('BI100','IT01',13,260000);
INSERT INTO CN2.BILLDETAIL VALUES ('BI100','IT02',1,15000);
INSERT INTO CN2.BILLDETAIL VALUES ('BI100','IT10',10,450000);
INSERT INTO CN2.BILLDETAIL VALUES ('BI101','IT11',14,630000);
INSERT INTO CN2.BILLDETAIL VALUES ('BI101','IT12',2,90000);
INSERT INTO CN2.BILLDETAIL VALUES ('BI102','IT29',11,330000);
INSERT INTO CN2.BILLDETAIL VALUES ('BI102','IT30',6,270000);
INSERT INTO CN2.BILLDETAIL VALUES ('BI102','IT31',3,135000);
INSERT INTO CN2.BILLDETAIL VALUES ('BI103','IT34',6,228000);
INSERT INTO CN2.BILLDETAIL VALUES ('BI103','IT35',8,320000);
INSERT INTO CN2.BILLDETAIL VALUES ('BI103','IT36',9,360000);
INSERT INTO CN2.BILLDETAIL VALUES ('BI104','IT20',13,390000);
INSERT INTO CN2.BILLDETAIL VALUES ('BI104','IT21',1,36000);
INSERT INTO CN2.BILLDETAIL VALUES ('BI104','IT22',6,234000);
INSERT INTO CN2.BILLDETAIL VALUES ('BI105','IT28',14,448000);
INSERT INTO CN2.BILLDETAIL VALUES ('BI105','IT29',6,180000);
INSERT INTO CN2.BILLDETAIL VALUES ('BI105','IT30',3,135000);
INSERT INTO CN2.BILLDETAIL VALUES ('BI106','IT37',7,280000);
INSERT INTO CN2.BILLDETAIL VALUES ('BI106','IT38',6,240000);
INSERT INTO CN2.BILLDETAIL VALUES ('BI106','IT39',7,280000);
INSERT INTO CN2.BILLDETAIL VALUES ('BI106','IT40',6,180000);
INSERT INTO CN2.BILLDETAIL VALUES ('BI106','IT41',7,245000);
INSERT INTO CN2.BILLDETAIL VALUES ('BI107','IT47',6,144000);
INSERT INTO CN2.BILLDETAIL VALUES ('BI107','IT48',5,175000);
INSERT INTO CN2.BILLDETAIL VALUES ('BI107','IT49',11,264000);
INSERT INTO CN2.BILLDETAIL VALUES ('BI107','IT50',2,40000);
INSERT INTO CN2.BILLDETAIL VALUES ('BI108','IT50',6,120000);
INSERT INTO CN2.BILLDETAIL VALUES ('BI108','IT01',5,100000);
INSERT INTO CN2.BILLDETAIL VALUES ('BI108','IT02',3,45000);
INSERT INTO CN2.BILLDETAIL VALUES ('BI108','IT03',2,36000);
INSERT INTO CN2.BILLDETAIL VALUES ('BI108','IT04',8,120000);
INSERT INTO CN2.BILLDETAIL VALUES ('BI108','IT05',2,48000);
INSERT INTO CN2.BILLDETAIL VALUES ('BI109','IT19',7,210000);
INSERT INTO CN2.BILLDETAIL VALUES ('BI109','IT20',1,30000);
INSERT INTO CN2.BILLDETAIL VALUES ('BI109','IT21',2,72000);
INSERT INTO CN2.BILLDETAIL VALUES ('BI109','IT22',4,156000);
INSERT INTO CN2.BILLDETAIL VALUES ('BI109','IT23',62,2418000);
INSERT INTO CN2.BILLDETAIL VALUES ('BI109','IT24',5,195000);
INSERT INTO CN2.BILLDETAIL VALUES ('BI109','IT25',2,78000);
INSERT INTO CN2.BILLDETAIL VALUES ('BI109','IT26',6,180000);
INSERT INTO CN2.BILLDETAIL VALUES ('BI109','IT27',2,70000);
INSERT INTO CN2.BILLDETAIL VALUES ('BI109','IT28',1,32000);
INSERT INTO CN2.BILLDETAIL VALUES ('BI110','IT38',15,600000);
INSERT INTO CN2.BILLDETAIL VALUES ('BI110','IT39',11,440000);
INSERT INTO CN2.BILLDETAIL VALUES ('BI110','IT40',14,420000);
INSERT INTO CN2.BILLDETAIL VALUES ('BI110','IT41',3,105000);
INSERT INTO CN2.BILLDETAIL VALUES ('BI111','IT38',10,400000);
INSERT INTO CN2.BILLDETAIL VALUES ('BI112','IT49',6,144000);
INSERT INTO CN2.BILLDETAIL VALUES ('BI113','IT32',3,114000);
INSERT INTO CN2.BILLDETAIL VALUES ('BI114','IT18',5,150000);
INSERT INTO CN2.BILLDETAIL VALUES ('BI115','IT28',12,384000);
INSERT INTO CN2.BILLDETAIL VALUES ('BI116','IT30',2,90000);
INSERT INTO CN2.BILLDETAIL VALUES ('BI117','IT18',1,30000);
INSERT INTO CN2.BILLDETAIL VALUES ('BI118','IT19',11,330000);
INSERT INTO CN2.BILLDETAIL VALUES ('BI119','IT07',6,192000);
INSERT INTO CN2.BILLDETAIL VALUES ('BI120','IT02',15,225000);
INSERT INTO CN2.BILLDETAIL VALUES ('BI121','IT01',11,220000);
INSERT INTO CN2.BILLDETAIL VALUES ('BI122','IT08',10,340000);
INSERT INTO CN2.BILLDETAIL VALUES ('BI123','IT04',8,120000);
INSERT INTO CN2.BILLDETAIL VALUES ('BI124','IT05',2,48000);
INSERT INTO CN2.BILLDETAIL VALUES ('BI125','IT06',7,196000);
INSERT INTO CN2.BILLDETAIL VALUES ('BI126','IT26',3,90000);
INSERT INTO CN2.BILLDETAIL VALUES ('BI127','IT47',10,240000);
INSERT INTO CN2.BILLDETAIL VALUES ('BI128','IT14',8,360000);
INSERT INTO CN2.BILLDETAIL VALUES ('BI129','IT17',13,390000);
INSERT INTO CN2.BILLDETAIL VALUES ('BI130','IT05',7,168000);
INSERT INTO CN2.BILLDETAIL VALUES ('BI131','IT29',6,180000);
INSERT INTO CN2.BILLDETAIL VALUES ('BI132','IT47',11,264000);
INSERT INTO CN2.BILLDETAIL VALUES ('BI133','IT20',10,300000);
INSERT INTO CN2.BILLDETAIL VALUES ('BI134','IT38',7,280000);
INSERT INTO CN2.BILLDETAIL VALUES ('BI135','IT38',6,240000);
INSERT INTO CN2.BILLDETAIL VALUES ('BI136','IT22',8,312000);
INSERT INTO CN2.BILLDETAIL VALUES ('BI137','IT33',12,456000);
INSERT INTO CN2.BILLDETAIL VALUES ('BI138','IT11',15,675000);
INSERT INTO CN2.BILLDETAIL VALUES ('BI139','IT49',12,288000);
INSERT INTO CN2.BILLDETAIL VALUES ('BI140','IT38',10,400000);
INSERT INTO CN2.BILLDETAIL VALUES ('BI141','IT44',5,120000);
INSERT INTO CN2.BILLDETAIL VALUES ('BI142','IT23',10,390000);
INSERT INTO CN2.BILLDETAIL VALUES ('BI143','IT13',1,45000);
INSERT INTO CN2.BILLDETAIL VALUES ('BI144','IT12',15,675000);
INSERT INTO CN2.BILLDETAIL VALUES ('BI145','IT23',8,312000);
INSERT INTO CN2.BILLDETAIL VALUES ('BI146','IT34',3,114000);
INSERT INTO CN2.BILLDETAIL VALUES ('BI147','IT45',11,198000);
INSERT INTO CN2.BILLDETAIL VALUES ('BI147','IT46',3,120000);
INSERT INTO CN2.BILLDETAIL VALUES ('BI147','IT47',6,144000);
INSERT INTO CN2.BILLDETAIL VALUES ('BI147','IT48',26,910000);
INSERT INTO CN2.BILLDETAIL VALUES ('BI147','IT49',7,168000);
INSERT INTO CN2.BILLDETAIL VALUES ('BI147','IT50',2,40000);
INSERT INTO CN2.BILLDETAIL VALUES ('BI148','IT39',13,520000);
INSERT INTO CN2.BILLDETAIL VALUES ('BI148','IT40',7,210000);
INSERT INTO CN2.BILLDETAIL VALUES ('BI148','IT41',3,105000);
INSERT INTO CN2.BILLDETAIL VALUES ('BI148','IT42',9,216000);
INSERT INTO CN2.BILLDETAIL VALUES ('BI148','IT43',11,264000);
INSERT INTO CN2.BILLDETAIL VALUES ('BI149','IT07',8,256000);
INSERT INTO CN2.BILLDETAIL VALUES ('BI149','IT08',3,102000);
INSERT INTO CN2.BILLDETAIL VALUES ('BI149','IT09',4,280000);
INSERT INTO CN2.BILLDETAIL VALUES ('BI149','IT10',8,360000);
INSERT INTO CN2.BILLDETAIL VALUES ('BI149','IT11',2,90000);
INSERT INTO CN2.BILLDETAIL VALUES ('BI149','IT12',7,315000);
INSERT INTO CN2.BILLDETAIL VALUES ('BI149','IT13',6,270000);
INSERT INTO CN2.BILLDETAIL VALUES ('BI149','IT14',2,90000);
INSERT INTO CN2.BILLDETAIL VALUES ('BI149','IT15',5,225000);
INSERT INTO CN2.BILLDETAIL VALUES ('BI149','IT16',2,90000);
INSERT INTO CN2.BILLDETAIL VALUES ('BI149','IT17',5,150000);
INSERT INTO CN2.BILLDETAIL VALUES ('BI149','IT18',9,270000);
INSERT INTO CN2.BILLDETAIL VALUES ('BI149','IT19',3,90000);
INSERT INTO CN2.BILLDETAIL VALUES ('BI150','IT01',13,260000);
INSERT INTO CN2.BILLDETAIL VALUES ('BI150','IT02',1,15000);
INSERT INTO CN2.BILLDETAIL VALUES ('BI150','IT10',10,450000);
INSERT INTO CN2.BILLDETAIL VALUES ('BI151','IT11',14,630000);
INSERT INTO CN2.BILLDETAIL VALUES ('BI151','IT12',2,90000);
INSERT INTO CN2.BILLDETAIL VALUES ('BI152','IT29',11,330000);
INSERT INTO CN2.BILLDETAIL VALUES ('BI152','IT30',6,270000);
INSERT INTO CN2.BILLDETAIL VALUES ('BI152','IT31',3,135000);
INSERT INTO CN2.BILLDETAIL VALUES ('BI153','IT34',6,228000);
INSERT INTO CN2.BILLDETAIL VALUES ('BI153','IT35',8,320000);
INSERT INTO CN2.BILLDETAIL VALUES ('BI153','IT36',9,360000);
INSERT INTO CN2.BILLDETAIL VALUES ('BI154','IT20',13,390000);
INSERT INTO CN2.BILLDETAIL VALUES ('BI154','IT21',1,36000);
INSERT INTO CN2.BILLDETAIL VALUES ('BI154','IT22',6,234000);
INSERT INTO CN2.BILLDETAIL VALUES ('BI155','IT28',14,448000);
INSERT INTO CN2.BILLDETAIL VALUES ('BI155','IT29',6,180000);
INSERT INTO CN2.BILLDETAIL VALUES ('BI155','IT30',3,135000);
INSERT INTO CN2.BILLDETAIL VALUES ('BI156','IT37',7,280000);
INSERT INTO CN2.BILLDETAIL VALUES ('BI156','IT38',6,240000);
INSERT INTO CN2.BILLDETAIL VALUES ('BI156','IT39',7,280000);
INSERT INTO CN2.BILLDETAIL VALUES ('BI156','IT40',6,180000);
INSERT INTO CN2.BILLDETAIL VALUES ('BI156','IT41',7,245000);
INSERT INTO CN2.BILLDETAIL VALUES ('BI157','IT47',6,144000);
INSERT INTO CN2.BILLDETAIL VALUES ('BI157','IT48',5,175000);
INSERT INTO CN2.BILLDETAIL VALUES ('BI157','IT49',11,264000);
INSERT INTO CN2.BILLDETAIL VALUES ('BI157','IT50',2,40000);
INSERT INTO CN2.BILLDETAIL VALUES ('BI158','IT50',6,120000);
INSERT INTO CN2.BILLDETAIL VALUES ('BI158','IT01',5,100000);
INSERT INTO CN2.BILLDETAIL VALUES ('BI158','IT02',3,45000);
INSERT INTO CN2.BILLDETAIL VALUES ('BI158','IT03',2,36000);
INSERT INTO CN2.BILLDETAIL VALUES ('BI158','IT04',8,120000);
INSERT INTO CN2.BILLDETAIL VALUES ('BI158','IT05',2,48000);
INSERT INTO CN2.BILLDETAIL VALUES ('BI159','IT19',7,210000);
INSERT INTO CN2.BILLDETAIL VALUES ('BI159','IT20',1,30000);
INSERT INTO CN2.BILLDETAIL VALUES ('BI159','IT21',2,72000);
INSERT INTO CN2.BILLDETAIL VALUES ('BI159','IT22',4,156000);
INSERT INTO CN2.BILLDETAIL VALUES ('BI159','IT23',62,2418000);
INSERT INTO CN2.BILLDETAIL VALUES ('BI159','IT24',5,195000);
INSERT INTO CN2.BILLDETAIL VALUES ('BI159','IT25',2,78000);
INSERT INTO CN2.BILLDETAIL VALUES ('BI159','IT26',6,180000);
INSERT INTO CN2.BILLDETAIL VALUES ('BI159','IT27',2,70000);
INSERT INTO CN2.BILLDETAIL VALUES ('BI159','IT28',1,32000);
INSERT INTO CN2.BILLDETAIL VALUES ('BI160','IT38',15,600000);
INSERT INTO CN2.BILLDETAIL VALUES ('BI160','IT39',11,440000);
INSERT INTO CN2.BILLDETAIL VALUES ('BI160','IT40',14,420000);
INSERT INTO CN2.BILLDETAIL VALUES ('BI160','IT41',3,105000);
INSERT INTO CN2.BILLDETAIL VALUES ('BI161','IT38',10,400000);
INSERT INTO CN2.BILLDETAIL VALUES ('BI162','IT49',6,144000);
INSERT INTO CN2.BILLDETAIL VALUES ('BI163','IT32',3,114000);
INSERT INTO CN2.BILLDETAIL VALUES ('BI164','IT18',5,150000);
INSERT INTO CN2.BILLDETAIL VALUES ('BI165','IT28',12,384000);
INSERT INTO CN2.BILLDETAIL VALUES ('BI166','IT30',2,90000);
INSERT INTO CN2.BILLDETAIL VALUES ('BI167','IT18',1,30000);
INSERT INTO CN2.BILLDETAIL VALUES ('BI168','IT19',11,330000);
INSERT INTO CN2.BILLDETAIL VALUES ('BI169','IT07',6,192000);
INSERT INTO CN2.BILLDETAIL VALUES ('BI170','IT02',15,225000);
INSERT INTO CN2.BILLDETAIL VALUES ('BI171','IT01',11,220000);
INSERT INTO CN2.BILLDETAIL VALUES ('BI172','IT08',10,340000);
INSERT INTO CN2.BILLDETAIL VALUES ('BI173','IT04',8,120000);
INSERT INTO CN2.BILLDETAIL VALUES ('BI174','IT05',2,48000);
INSERT INTO CN2.BILLDETAIL VALUES ('BI175','IT06',7,196000);
INSERT INTO CN2.BILLDETAIL VALUES ('BI176','IT26',3,90000);
INSERT INTO CN2.BILLDETAIL VALUES ('BI177','IT47',10,240000);
INSERT INTO CN2.BILLDETAIL VALUES ('BI178','IT14',8,360000);
INSERT INTO CN2.BILLDETAIL VALUES ('BI179','IT17',13,390000);
INSERT INTO CN2.BILLDETAIL VALUES ('BI180','IT05',7,168000);
INSERT INTO CN2.BILLDETAIL VALUES ('BI181','IT29',6,180000);
INSERT INTO CN2.BILLDETAIL VALUES ('BI182','IT47',11,264000);
INSERT INTO CN2.BILLDETAIL VALUES ('BI183','IT20',10,300000);
INSERT INTO CN2.BILLDETAIL VALUES ('BI184','IT38',7,280000);
INSERT INTO CN2.BILLDETAIL VALUES ('BI185','IT38',6,240000);
INSERT INTO CN2.BILLDETAIL VALUES ('BI186','IT22',8,312000);
INSERT INTO CN2.BILLDETAIL VALUES ('BI187','IT33',12,456000);
INSERT INTO CN2.BILLDETAIL VALUES ('BI188','IT11',15,675000);
INSERT INTO CN2.BILLDETAIL VALUES ('BI189','IT49',12,288000);
INSERT INTO CN2.BILLDETAIL VALUES ('BI190','IT38',10,400000);
INSERT INTO CN2.BILLDETAIL VALUES ('BI191','IT44',5,120000);
INSERT INTO CN2.BILLDETAIL VALUES ('BI192','IT23',10,390000);
INSERT INTO CN2.BILLDETAIL VALUES ('BI193','IT13',1,45000);
INSERT INTO CN2.BILLDETAIL VALUES ('BI194','IT12',15,675000);
INSERT INTO CN2.BILLDETAIL VALUES ('BI195','IT23',8,312000);
INSERT INTO CN2.BILLDETAIL VALUES ('BI196','IT34',3,114000);
INSERT INTO CN2.BILLDETAIL VALUES ('BI197','IT45',11,198000);
INSERT INTO CN2.BILLDETAIL VALUES ('BI197','IT46',3,120000);
INSERT INTO CN2.BILLDETAIL VALUES ('BI197','IT47',6,144000);
INSERT INTO CN2.BILLDETAIL VALUES ('BI197','IT48',26,910000);
INSERT INTO CN2.BILLDETAIL VALUES ('BI197','IT49',7,168000);
INSERT INTO CN2.BILLDETAIL VALUES ('BI197','IT50',2,40000);
INSERT INTO CN2.BILLDETAIL VALUES ('BI198','IT39',13,520000);
INSERT INTO CN2.BILLDETAIL VALUES ('BI198','IT40',7,210000);
INSERT INTO CN2.BILLDETAIL VALUES ('BI198','IT41',3,105000);
INSERT INTO CN2.BILLDETAIL VALUES ('BI198','IT42',9,216000);
INSERT INTO CN2.BILLDETAIL VALUES ('BI198','IT43',11,264000);
INSERT INTO CN2.BILLDETAIL VALUES ('BI199','IT07',8,256000);
INSERT INTO CN2.BILLDETAIL VALUES ('BI199','IT08',3,102000);
INSERT INTO CN2.BILLDETAIL VALUES ('BI199','IT09',4,280000);
INSERT INTO CN2.BILLDETAIL VALUES ('BI199','IT10',8,360000);
INSERT INTO CN2.BILLDETAIL VALUES ('BI199','IT11',2,90000);
INSERT INTO CN2.BILLDETAIL VALUES ('BI199','IT12',7,315000);
INSERT INTO CN2.BILLDETAIL VALUES ('BI199','IT13',6,270000);
INSERT INTO CN2.BILLDETAIL VALUES ('BI199','IT14',2,90000);
INSERT INTO CN2.BILLDETAIL VALUES ('BI199','IT15',5,225000);
INSERT INTO CN2.BILLDETAIL VALUES ('BI199','IT16',2,90000);
INSERT INTO CN2.BILLDETAIL VALUES ('BI199','IT17',5,150000);
INSERT INTO CN2.BILLDETAIL VALUES ('BI199','IT18',9,270000);
INSERT INTO CN2.BILLDETAIL VALUES ('BI199','IT19',3,90000);
COMMIT;
-- Kiem tra CN2.du lieu da duoc nhap day du chua
SELECT * FROM CN2.BILLDETAIL;
SELECT * FROM CN2.BILL;
SELECT * FROM CN2.CUSTOMER_MANAGER;
SELECT * FROM CN2.CUSTOMER_STAFF;
SELECT * FROM CN2.ITEM;
SELECT * FROM CN2.ITEMMANAGE_MANAGER;
SELECT * FROM CN2.ITEMMANAGE_STAFF;
SELECT * FROM CN2.BRANCH;
SELECT * FROM CN2.EMPLOYEE;